Code_Postal;Province
1000;Bruxelles-Capitale
1001;Bruxelles-Capitale
1002;Bruxelles-Capitale
1003;Bruxelles-Capitale
1004;Bruxelles-Capitale
1005;Bruxelles-Capitale
1006;Bruxelles-Capitale
1007;Bruxelles-Capitale
1008;Bruxelles-Capitale
1009;Bruxelles-Capitale
1010;Bruxelles-Capitale
1011;Bruxelles-Capitale
1012;Bruxelles-Capitale
1013;Bruxelles-Capitale
1014;Bruxelles-Capitale
1015;Bruxelles-Capitale
1016;Bruxelles-Capitale
1017;Bruxelles-Capitale
1018;Bruxelles-Capitale
1019;Bruxelles-Capitale
1020;Bruxelles-Capitale
1021;Bruxelles-Capitale
1022;Bruxelles-Capitale
1023;Bruxelles-Capitale
1024;Bruxelles-Capitale
1025;Bruxelles-Capitale
1026;Bruxelles-Capitale
1027;Bruxelles-Capitale
1028;Bruxelles-Capitale
1029;Bruxelles-Capitale
1030;Bruxelles-Capitale
1031;Bruxelles-Capitale
1032;Bruxelles-Capitale
1033;Bruxelles-Capitale
1034;Bruxelles-Capitale
1035;Bruxelles-Capitale
1036;Bruxelles-Capitale
1037;Bruxelles-Capitale
1038;Bruxelles-Capitale
1039;Bruxelles-Capitale
1040;Bruxelles-Capitale
1041;Bruxelles-Capitale
1042;Bruxelles-Capitale
1043;Bruxelles-Capitale
1044;Bruxelles-Capitale
1045;Bruxelles-Capitale
1046;Bruxelles-Capitale
1047;Bruxelles-Capitale
1048;Bruxelles-Capitale
1049;Bruxelles-Capitale
1050;Bruxelles-Capitale
1051;Bruxelles-Capitale
1052;Bruxelles-Capitale
1053;Bruxelles-Capitale
1054;Bruxelles-Capitale
1055;Bruxelles-Capitale
1056;Bruxelles-Capitale
1057;Bruxelles-Capitale
1058;Bruxelles-Capitale
1059;Bruxelles-Capitale
1060;Bruxelles-Capitale
1061;Bruxelles-Capitale
1062;Bruxelles-Capitale
1063;Bruxelles-Capitale
1064;Bruxelles-Capitale
1065;Bruxelles-Capitale
1066;Bruxelles-Capitale
1067;Bruxelles-Capitale
1068;Bruxelles-Capitale
1069;Bruxelles-Capitale
1070;Bruxelles-Capitale
1071;Bruxelles-Capitale
1072;Bruxelles-Capitale
1073;Bruxelles-Capitale
1074;Bruxelles-Capitale
1075;Bruxelles-Capitale
1076;Bruxelles-Capitale
1077;Bruxelles-Capitale
1078;Bruxelles-Capitale
1079;Bruxelles-Capitale
1080;Bruxelles-Capitale
1081;Bruxelles-Capitale
1082;Bruxelles-Capitale
1083;Bruxelles-Capitale
1084;Bruxelles-Capitale
1085;Bruxelles-Capitale
1086;Bruxelles-Capitale
1087;Bruxelles-Capitale
1088;Bruxelles-Capitale
1089;Bruxelles-Capitale
1090;Bruxelles-Capitale
1091;Bruxelles-Capitale
1092;Bruxelles-Capitale
1093;Bruxelles-Capitale
1094;Bruxelles-Capitale
1095;Bruxelles-Capitale
1096;Bruxelles-Capitale
1097;Bruxelles-Capitale
1098;Bruxelles-Capitale
1099;Bruxelles-Capitale
1100;Bruxelles-Capitale
1101;Bruxelles-Capitale
1102;Bruxelles-Capitale
1103;Bruxelles-Capitale
1104;Bruxelles-Capitale
1105;Bruxelles-Capitale
1106;Bruxelles-Capitale
1107;Bruxelles-Capitale
1108;Bruxelles-Capitale
1109;Bruxelles-Capitale
1110;Bruxelles-Capitale
1111;Bruxelles-Capitale
1112;Bruxelles-Capitale
1113;Bruxelles-Capitale
1114;Bruxelles-Capitale
1115;Bruxelles-Capitale
1116;Bruxelles-Capitale
1117;Bruxelles-Capitale
1118;Bruxelles-Capitale
1119;Bruxelles-Capitale
1120;Bruxelles-Capitale
1121;Bruxelles-Capitale
1122;Bruxelles-Capitale
1123;Bruxelles-Capitale
1124;Bruxelles-Capitale
1125;Bruxelles-Capitale
1126;Bruxelles-Capitale
1127;Bruxelles-Capitale
1128;Bruxelles-Capitale
1129;Bruxelles-Capitale
1130;Bruxelles-Capitale
1131;Bruxelles-Capitale
1132;Bruxelles-Capitale
1133;Bruxelles-Capitale
1134;Bruxelles-Capitale
1135;Bruxelles-Capitale
1136;Bruxelles-Capitale
1137;Bruxelles-Capitale
1138;Bruxelles-Capitale
1139;Bruxelles-Capitale
1140;Bruxelles-Capitale
1141;Bruxelles-Capitale
1142;Bruxelles-Capitale
1143;Bruxelles-Capitale
1144;Bruxelles-Capitale
1145;Bruxelles-Capitale
1146;Bruxelles-Capitale
1147;Bruxelles-Capitale
1148;Bruxelles-Capitale
1149;Bruxelles-Capitale
1150;Bruxelles-Capitale
1151;Bruxelles-Capitale
1152;Bruxelles-Capitale
1153;Bruxelles-Capitale
1154;Bruxelles-Capitale
1155;Bruxelles-Capitale
1156;Bruxelles-Capitale
1157;Bruxelles-Capitale
1158;Bruxelles-Capitale
1159;Bruxelles-Capitale
1160;Bruxelles-Capitale
1161;Bruxelles-Capitale
1162;Bruxelles-Capitale
1163;Bruxelles-Capitale
1164;Bruxelles-Capitale
1165;Bruxelles-Capitale
1166;Bruxelles-Capitale
1167;Bruxelles-Capitale
1168;Bruxelles-Capitale
1169;Bruxelles-Capitale
1170;Bruxelles-Capitale
1171;Bruxelles-Capitale
1172;Bruxelles-Capitale
1173;Bruxelles-Capitale
1174;Bruxelles-Capitale
1175;Bruxelles-Capitale
1176;Bruxelles-Capitale
1177;Bruxelles-Capitale
1178;Bruxelles-Capitale
1179;Bruxelles-Capitale
1180;Bruxelles-Capitale
1181;Bruxelles-Capitale
1182;Bruxelles-Capitale
1183;Bruxelles-Capitale
1184;Bruxelles-Capitale
1185;Bruxelles-Capitale
1186;Bruxelles-Capitale
1187;Bruxelles-Capitale
1188;Bruxelles-Capitale
1189;Bruxelles-Capitale
1190;Bruxelles-Capitale
1191;Bruxelles-Capitale
1192;Bruxelles-Capitale
1193;Bruxelles-Capitale
1194;Bruxelles-Capitale
1195;Bruxelles-Capitale
1196;Bruxelles-Capitale
1197;Bruxelles-Capitale
1198;Bruxelles-Capitale
1199;Bruxelles-Capitale
1200;Bruxelles-Capitale
1201;Bruxelles-Capitale
1202;Bruxelles-Capitale
1203;Bruxelles-Capitale
1204;Bruxelles-Capitale
1205;Bruxelles-Capitale
1206;Bruxelles-Capitale
1207;Bruxelles-Capitale
1208;Bruxelles-Capitale
1209;Bruxelles-Capitale
1210;Bruxelles-Capitale
1211;Bruxelles-Capitale
1212;Bruxelles-Capitale
1213;Bruxelles-Capitale
1214;Bruxelles-Capitale
1215;Bruxelles-Capitale
1216;Bruxelles-Capitale
1217;Bruxelles-Capitale
1218;Bruxelles-Capitale
1219;Bruxelles-Capitale
1220;Bruxelles-Capitale
1221;Bruxelles-Capitale
1222;Bruxelles-Capitale
1223;Bruxelles-Capitale
1224;Bruxelles-Capitale
1225;Bruxelles-Capitale
1226;Bruxelles-Capitale
1227;Bruxelles-Capitale
1228;Bruxelles-Capitale
1229;Bruxelles-Capitale
1230;Bruxelles-Capitale
1231;Bruxelles-Capitale
1232;Bruxelles-Capitale
1233;Bruxelles-Capitale
1234;Bruxelles-Capitale
1235;Bruxelles-Capitale
1236;Bruxelles-Capitale
1237;Bruxelles-Capitale
1238;Bruxelles-Capitale
1239;Bruxelles-Capitale
1240;Bruxelles-Capitale
1241;Bruxelles-Capitale
1242;Bruxelles-Capitale
1243;Bruxelles-Capitale
1244;Bruxelles-Capitale
1245;Bruxelles-Capitale
1246;Bruxelles-Capitale
1247;Bruxelles-Capitale
1248;Bruxelles-Capitale
1249;Bruxelles-Capitale
1250;Bruxelles-Capitale
1251;Bruxelles-Capitale
1252;Bruxelles-Capitale
1253;Bruxelles-Capitale
1254;Bruxelles-Capitale
1255;Bruxelles-Capitale
1256;Bruxelles-Capitale
1257;Bruxelles-Capitale
1258;Bruxelles-Capitale
1259;Bruxelles-Capitale
1260;Bruxelles-Capitale
1261;Bruxelles-Capitale
1262;Bruxelles-Capitale
1263;Bruxelles-Capitale
1264;Bruxelles-Capitale
1265;Bruxelles-Capitale
1266;Bruxelles-Capitale
1267;Bruxelles-Capitale
1268;Bruxelles-Capitale
1269;Bruxelles-Capitale
1270;Bruxelles-Capitale
1271;Bruxelles-Capitale
1272;Bruxelles-Capitale
1273;Bruxelles-Capitale
1274;Bruxelles-Capitale
1275;Bruxelles-Capitale
1276;Bruxelles-Capitale
1277;Bruxelles-Capitale
1278;Bruxelles-Capitale
1279;Bruxelles-Capitale
1280;Bruxelles-Capitale
1281;Bruxelles-Capitale
1282;Bruxelles-Capitale
1283;Bruxelles-Capitale
1284;Bruxelles-Capitale
1285;Bruxelles-Capitale
1286;Bruxelles-Capitale
1287;Bruxelles-Capitale
1288;Bruxelles-Capitale
1289;Bruxelles-Capitale
1290;Bruxelles-Capitale
1291;Bruxelles-Capitale
1292;Bruxelles-Capitale
1293;Bruxelles-Capitale
1294;Bruxelles-Capitale
1295;Bruxelles-Capitale
1296;Bruxelles-Capitale
1297;Bruxelles-Capitale
1298;Bruxelles-Capitale
1299;Bruxelles-Capitale
1300;Brabant wallon
1301;Brabant wallon
1302;Brabant wallon
1303;Brabant wallon
1304;Brabant wallon
1305;Brabant wallon
1306;Brabant wallon
1307;Brabant wallon
1308;Brabant wallon
1309;Brabant wallon
1310;Brabant wallon
1311;Brabant wallon
1312;Brabant wallon
1313;Brabant wallon
1314;Brabant wallon
1315;Brabant wallon
1316;Brabant wallon
1317;Brabant wallon
1318;Brabant wallon
1319;Brabant wallon
1320;Brabant wallon
1321;Brabant wallon
1322;Brabant wallon
1323;Brabant wallon
1324;Brabant wallon
1325;Brabant wallon
1326;Brabant wallon
1327;Brabant wallon
1328;Brabant wallon
1329;Brabant wallon
1330;Brabant wallon
1331;Brabant wallon
1332;Brabant wallon
1333;Brabant wallon
1334;Brabant wallon
1335;Brabant wallon
1336;Brabant wallon
1337;Brabant wallon
1338;Brabant wallon
1339;Brabant wallon
1340;Brabant wallon
1341;Brabant wallon
1342;Brabant wallon
1343;Brabant wallon
1344;Brabant wallon
1345;Brabant wallon
1346;Brabant wallon
1347;Brabant wallon
1348;Brabant wallon
1349;Brabant wallon
1350;Brabant wallon
1351;Brabant wallon
1352;Brabant wallon
1353;Brabant wallon
1354;Brabant wallon
1355;Brabant wallon
1356;Brabant wallon
1357;Brabant wallon
1358;Brabant wallon
1359;Brabant wallon
1360;Brabant wallon
1361;Brabant wallon
1362;Brabant wallon
1363;Brabant wallon
1364;Brabant wallon
1365;Brabant wallon
1366;Brabant wallon
1367;Brabant wallon
1368;Brabant wallon
1369;Brabant wallon
1370;Brabant wallon
1371;Brabant wallon
1372;Brabant wallon
1373;Brabant wallon
1374;Brabant wallon
1375;Brabant wallon
1376;Brabant wallon
1377;Brabant wallon
1378;Brabant wallon
1379;Brabant wallon
1380;Brabant wallon
1381;Brabant wallon
1382;Brabant wallon
1383;Brabant wallon
1384;Brabant wallon
1385;Brabant wallon
1386;Brabant wallon
1387;Brabant wallon
1388;Brabant wallon
1389;Brabant wallon
1390;Brabant wallon
1391;Brabant wallon
1392;Brabant wallon
1393;Brabant wallon
1394;Brabant wallon
1395;Brabant wallon
1396;Brabant wallon
1397;Brabant wallon
1398;Brabant wallon
1399;Brabant wallon
1400;Brabant wallon
1401;Brabant wallon
1402;Brabant wallon
1403;Brabant wallon
1404;Brabant wallon
1405;Brabant wallon
1406;Brabant wallon
1407;Brabant wallon
1408;Brabant wallon
1409;Brabant wallon
1410;Brabant wallon
1411;Brabant wallon
1412;Brabant wallon
1413;Brabant wallon
1414;Brabant wallon
1415;Brabant wallon
1416;Brabant wallon
1417;Brabant wallon
1418;Brabant wallon
1419;Brabant wallon
1420;Brabant wallon
1421;Brabant wallon
1422;Brabant wallon
1423;Brabant wallon
1424;Brabant wallon
1425;Brabant wallon
1426;Brabant wallon
1427;Brabant wallon
1428;Brabant wallon
1429;Brabant wallon
1430;Brabant wallon
1431;Brabant wallon
1432;Brabant wallon
1433;Brabant wallon
1434;Brabant wallon
1435;Brabant wallon
1436;Brabant wallon
1437;Brabant wallon
1438;Brabant wallon
1439;Brabant wallon
1440;Brabant wallon
1441;Brabant wallon
1442;Brabant wallon
1443;Brabant wallon
1444;Brabant wallon
1445;Brabant wallon
1446;Brabant wallon
1447;Brabant wallon
1448;Brabant wallon
1449;Brabant wallon
1450;Brabant wallon
1451;Brabant wallon
1452;Brabant wallon
1453;Brabant wallon
1454;Brabant wallon
1455;Brabant wallon
1456;Brabant wallon
1457;Brabant wallon
1458;Brabant wallon
1459;Brabant wallon
1460;Brabant wallon
1461;Brabant wallon
1462;Brabant wallon
1463;Brabant wallon
1464;Brabant wallon
1465;Brabant wallon
1466;Brabant wallon
1467;Brabant wallon
1468;Brabant wallon
1469;Brabant wallon
1470;Brabant wallon
1471;Brabant wallon
1472;Brabant wallon
1473;Brabant wallon
1474;Brabant wallon
1475;Brabant wallon
1476;Brabant wallon
1477;Brabant wallon
1478;Brabant wallon
1479;Brabant wallon
1480;Brabant wallon
1481;Brabant wallon
1482;Brabant wallon
1483;Brabant wallon
1484;Brabant wallon
1485;Brabant wallon
1486;Brabant wallon
1487;Brabant wallon
1488;Brabant wallon
1489;Brabant wallon
1490;Brabant wallon
1491;Brabant wallon
1492;Brabant wallon
1493;Brabant wallon
1494;Brabant wallon
1495;Brabant wallon
1496;Brabant wallon
1497;Brabant wallon
1498;Brabant wallon
1499;Brabant wallon
1500;Brabant flamand
1501;Brabant flamand
1502;Brabant flamand
1503;Brabant flamand
1504;Brabant flamand
1505;Brabant flamand
1506;Brabant flamand
1507;Brabant flamand
1508;Brabant flamand
1509;Brabant flamand
1510;Brabant flamand
1511;Brabant flamand
1512;Brabant flamand
1513;Brabant flamand
1514;Brabant flamand
1515;Brabant flamand
1516;Brabant flamand
1517;Brabant flamand
1518;Brabant flamand
1519;Brabant flamand
1520;Brabant flamand
1521;Brabant flamand
1522;Brabant flamand
1523;Brabant flamand
1524;Brabant flamand
1525;Brabant flamand
1526;Brabant flamand
1527;Brabant flamand
1528;Brabant flamand
1529;Brabant flamand
1530;Brabant flamand
1531;Brabant flamand
1532;Brabant flamand
1533;Brabant flamand
1534;Brabant flamand
1535;Brabant flamand
1536;Brabant flamand
1537;Brabant flamand
1538;Brabant flamand
1539;Brabant flamand
1540;Brabant flamand
1541;Brabant flamand
1542;Brabant flamand
1543;Brabant flamand
1544;Brabant flamand
1545;Brabant flamand
1546;Brabant flamand
1547;Brabant flamand
1548;Brabant flamand
1549;Brabant flamand
1550;Brabant flamand
1551;Brabant flamand
1552;Brabant flamand
1553;Brabant flamand
1554;Brabant flamand
1555;Brabant flamand
1556;Brabant flamand
1557;Brabant flamand
1558;Brabant flamand
1559;Brabant flamand
1560;Brabant flamand
1561;Brabant flamand
1562;Brabant flamand
1563;Brabant flamand
1564;Brabant flamand
1565;Brabant flamand
1566;Brabant flamand
1567;Brabant flamand
1568;Brabant flamand
1569;Brabant flamand
1570;Brabant flamand
1571;Brabant flamand
1572;Brabant flamand
1573;Brabant flamand
1574;Brabant flamand
1575;Brabant flamand
1576;Brabant flamand
1577;Brabant flamand
1578;Brabant flamand
1579;Brabant flamand
1580;Brabant flamand
1581;Brabant flamand
1582;Brabant flamand
1583;Brabant flamand
1584;Brabant flamand
1585;Brabant flamand
1586;Brabant flamand
1587;Brabant flamand
1588;Brabant flamand
1589;Brabant flamand
1590;Brabant flamand
1591;Brabant flamand
1592;Brabant flamand
1593;Brabant flamand
1594;Brabant flamand
1595;Brabant flamand
1596;Brabant flamand
1597;Brabant flamand
1598;Brabant flamand
1599;Brabant flamand
1600;Brabant flamand
1601;Brabant flamand
1602;Brabant flamand
1603;Brabant flamand
1604;Brabant flamand
1605;Brabant flamand
1606;Brabant flamand
1607;Brabant flamand
1608;Brabant flamand
1609;Brabant flamand
1610;Brabant flamand
1611;Brabant flamand
1612;Brabant flamand
1613;Brabant flamand
1614;Brabant flamand
1615;Brabant flamand
1616;Brabant flamand
1617;Brabant flamand
1618;Brabant flamand
1619;Brabant flamand
1620;Brabant flamand
1621;Brabant flamand
1622;Brabant flamand
1623;Brabant flamand
1624;Brabant flamand
1625;Brabant flamand
1626;Brabant flamand
1627;Brabant flamand
1628;Brabant flamand
1629;Brabant flamand
1630;Brabant flamand
1631;Brabant flamand
1632;Brabant flamand
1633;Brabant flamand
1634;Brabant flamand
1635;Brabant flamand
1636;Brabant flamand
1637;Brabant flamand
1638;Brabant flamand
1639;Brabant flamand
1640;Brabant flamand
1641;Brabant flamand
1642;Brabant flamand
1643;Brabant flamand
1644;Brabant flamand
1645;Brabant flamand
1646;Brabant flamand
1647;Brabant flamand
1648;Brabant flamand
1649;Brabant flamand
1650;Brabant flamand
1651;Brabant flamand
1652;Brabant flamand
1653;Brabant flamand
1654;Brabant flamand
1655;Brabant flamand
1656;Brabant flamand
1657;Brabant flamand
1658;Brabant flamand
1659;Brabant flamand
1660;Brabant flamand
1661;Brabant flamand
1662;Brabant flamand
1663;Brabant flamand
1664;Brabant flamand
1665;Brabant flamand
1666;Brabant flamand
1667;Brabant flamand
1668;Brabant flamand
1669;Brabant flamand
1670;Brabant flamand
1671;Brabant flamand
1672;Brabant flamand
1673;Brabant flamand
1674;Brabant flamand
1675;Brabant flamand
1676;Brabant flamand
1677;Brabant flamand
1678;Brabant flamand
1679;Brabant flamand
1680;Brabant flamand
1681;Brabant flamand
1682;Brabant flamand
1683;Brabant flamand
1684;Brabant flamand
1685;Brabant flamand
1686;Brabant flamand
1687;Brabant flamand
1688;Brabant flamand
1689;Brabant flamand
1690;Brabant flamand
1691;Brabant flamand
1692;Brabant flamand
1693;Brabant flamand
1694;Brabant flamand
1695;Brabant flamand
1696;Brabant flamand
1697;Brabant flamand
1698;Brabant flamand
1699;Brabant flamand
1700;Brabant flamand
1701;Brabant flamand
1702;Brabant flamand
1703;Brabant flamand
1704;Brabant flamand
1705;Brabant flamand
1706;Brabant flamand
1707;Brabant flamand
1708;Brabant flamand
1709;Brabant flamand
1710;Brabant flamand
1711;Brabant flamand
1712;Brabant flamand
1713;Brabant flamand
1714;Brabant flamand
1715;Brabant flamand
1716;Brabant flamand
1717;Brabant flamand
1718;Brabant flamand
1719;Brabant flamand
1720;Brabant flamand
1721;Brabant flamand
1722;Brabant flamand
1723;Brabant flamand
1724;Brabant flamand
1725;Brabant flamand
1726;Brabant flamand
1727;Brabant flamand
1728;Brabant flamand
1729;Brabant flamand
1730;Brabant flamand
1731;Brabant flamand
1732;Brabant flamand
1733;Brabant flamand
1734;Brabant flamand
1735;Brabant flamand
1736;Brabant flamand
1737;Brabant flamand
1738;Brabant flamand
1739;Brabant flamand
1740;Brabant flamand
1741;Brabant flamand
1742;Brabant flamand
1743;Brabant flamand
1744;Brabant flamand
1745;Brabant flamand
1746;Brabant flamand
1747;Brabant flamand
1748;Brabant flamand
1749;Brabant flamand
1750;Brabant flamand
1751;Brabant flamand
1752;Brabant flamand
1753;Brabant flamand
1754;Brabant flamand
1755;Brabant flamand
1756;Brabant flamand
1757;Brabant flamand
1758;Brabant flamand
1759;Brabant flamand
1760;Brabant flamand
1761;Brabant flamand
1762;Brabant flamand
1763;Brabant flamand
1764;Brabant flamand
1765;Brabant flamand
1766;Brabant flamand
1767;Brabant flamand
1768;Brabant flamand
1769;Brabant flamand
1770;Brabant flamand
1771;Brabant flamand
1772;Brabant flamand
1773;Brabant flamand
1774;Brabant flamand
1775;Brabant flamand
1776;Brabant flamand
1777;Brabant flamand
1778;Brabant flamand
1779;Brabant flamand
1780;Brabant flamand
1781;Brabant flamand
1782;Brabant flamand
1783;Brabant flamand
1784;Brabant flamand
1785;Brabant flamand
1786;Brabant flamand
1787;Brabant flamand
1788;Brabant flamand
1789;Brabant flamand
1790;Brabant flamand
1791;Brabant flamand
1792;Brabant flamand
1793;Brabant flamand
1794;Brabant flamand
1795;Brabant flamand
1796;Brabant flamand
1797;Brabant flamand
1798;Brabant flamand
1799;Brabant flamand
1800;Brabant flamand
1801;Brabant flamand
1802;Brabant flamand
1803;Brabant flamand
1804;Brabant flamand
1805;Brabant flamand
1806;Brabant flamand
1807;Brabant flamand
1808;Brabant flamand
1809;Brabant flamand
1810;Brabant flamand
1811;Brabant flamand
1812;Brabant flamand
1813;Brabant flamand
1814;Brabant flamand
1815;Brabant flamand
1816;Brabant flamand
1817;Brabant flamand
1818;Brabant flamand
1819;Brabant flamand
1820;Brabant flamand
1821;Brabant flamand
1822;Brabant flamand
1823;Brabant flamand
1824;Brabant flamand
1825;Brabant flamand
1826;Brabant flamand
1827;Brabant flamand
1828;Brabant flamand
1829;Brabant flamand
1830;Brabant flamand
1831;Brabant flamand
1832;Brabant flamand
1833;Brabant flamand
1834;Brabant flamand
1835;Brabant flamand
1836;Brabant flamand
1837;Brabant flamand
1838;Brabant flamand
1839;Brabant flamand
1840;Brabant flamand
1841;Brabant flamand
1842;Brabant flamand
1843;Brabant flamand
1844;Brabant flamand
1845;Brabant flamand
1846;Brabant flamand
1847;Brabant flamand
1848;Brabant flamand
1849;Brabant flamand
1850;Brabant flamand
1851;Brabant flamand
1852;Brabant flamand
1853;Brabant flamand
1854;Brabant flamand
1855;Brabant flamand
1856;Brabant flamand
1857;Brabant flamand
1858;Brabant flamand
1859;Brabant flamand
1860;Brabant flamand
1861;Brabant flamand
1862;Brabant flamand
1863;Brabant flamand
1864;Brabant flamand
1865;Brabant flamand
1866;Brabant flamand
1867;Brabant flamand
1868;Brabant flamand
1869;Brabant flamand
1870;Brabant flamand
1871;Brabant flamand
1872;Brabant flamand
1873;Brabant flamand
1874;Brabant flamand
1875;Brabant flamand
1876;Brabant flamand
1877;Brabant flamand
1878;Brabant flamand
1879;Brabant flamand
1880;Brabant flamand
1881;Brabant flamand
1882;Brabant flamand
1883;Brabant flamand
1884;Brabant flamand
1885;Brabant flamand
1886;Brabant flamand
1887;Brabant flamand
1888;Brabant flamand
1889;Brabant flamand
1890;Brabant flamand
1891;Brabant flamand
1892;Brabant flamand
1893;Brabant flamand
1894;Brabant flamand
1895;Brabant flamand
1896;Brabant flamand
1897;Brabant flamand
1898;Brabant flamand
1899;Brabant flamand
1900;Brabant flamand
1901;Brabant flamand
1902;Brabant flamand
1903;Brabant flamand
1904;Brabant flamand
1905;Brabant flamand
1906;Brabant flamand
1907;Brabant flamand
1908;Brabant flamand
1909;Brabant flamand
1910;Brabant flamand
1911;Brabant flamand
1912;Brabant flamand
1913;Brabant flamand
1914;Brabant flamand
1915;Brabant flamand
1916;Brabant flamand
1917;Brabant flamand
1918;Brabant flamand
1919;Brabant flamand
1920;Brabant flamand
1921;Brabant flamand
1922;Brabant flamand
1923;Brabant flamand
1924;Brabant flamand
1925;Brabant flamand
1926;Brabant flamand
1927;Brabant flamand
1928;Brabant flamand
1929;Brabant flamand
1930;Brabant flamand
1931;Brabant flamand
1932;Brabant flamand
1933;Brabant flamand
1934;Brabant flamand
1935;Brabant flamand
1936;Brabant flamand
1937;Brabant flamand
1938;Brabant flamand
1939;Brabant flamand
1940;Brabant flamand
1941;Brabant flamand
1942;Brabant flamand
1943;Brabant flamand
1944;Brabant flamand
1945;Brabant flamand
1946;Brabant flamand
1947;Brabant flamand
1948;Brabant flamand
1949;Brabant flamand
1950;Brabant flamand
1951;Brabant flamand
1952;Brabant flamand
1953;Brabant flamand
1954;Brabant flamand
1955;Brabant flamand
1956;Brabant flamand
1957;Brabant flamand
1958;Brabant flamand
1959;Brabant flamand
1960;Brabant flamand
1961;Brabant flamand
1962;Brabant flamand
1963;Brabant flamand
1964;Brabant flamand
1965;Brabant flamand
1966;Brabant flamand
1967;Brabant flamand
1968;Brabant flamand
1969;Brabant flamand
1970;Brabant flamand
1971;Brabant flamand
1972;Brabant flamand
1973;Brabant flamand
1974;Brabant flamand
1975;Brabant flamand
1976;Brabant flamand
1977;Brabant flamand
1978;Brabant flamand
1979;Brabant flamand
1980;Brabant flamand
1981;Brabant flamand
1982;Brabant flamand
1983;Brabant flamand
1984;Brabant flamand
1985;Brabant flamand
1986;Brabant flamand
1987;Brabant flamand
1988;Brabant flamand
1989;Brabant flamand
1990;Brabant flamand
1991;Brabant flamand
1992;Brabant flamand
1993;Brabant flamand
1994;Brabant flamand
1995;Brabant flamand
1996;Brabant flamand
1997;Brabant flamand
1998;Brabant flamand
1999;Brabant flamand
2000;Anvers
2001;Anvers
2002;Anvers
2003;Anvers
2004;Anvers
2005;Anvers
2006;Anvers
2007;Anvers
2008;Anvers
2009;Anvers
2010;Anvers
2011;Anvers
2012;Anvers
2013;Anvers
2014;Anvers
2015;Anvers
2016;Anvers
2017;Anvers
2018;Anvers
2019;Anvers
2020;Anvers
2021;Anvers
2022;Anvers
2023;Anvers
2024;Anvers
2025;Anvers
2026;Anvers
2027;Anvers
2028;Anvers
2029;Anvers
2030;Anvers
2031;Anvers
2032;Anvers
2033;Anvers
2034;Anvers
2035;Anvers
2036;Anvers
2037;Anvers
2038;Anvers
2039;Anvers
2040;Anvers
2041;Anvers
2042;Anvers
2043;Anvers
2044;Anvers
2045;Anvers
2046;Anvers
2047;Anvers
2048;Anvers
2049;Anvers
2050;Anvers
2051;Anvers
2052;Anvers
2053;Anvers
2054;Anvers
2055;Anvers
2056;Anvers
2057;Anvers
2058;Anvers
2059;Anvers
2060;Anvers
2061;Anvers
2062;Anvers
2063;Anvers
2064;Anvers
2065;Anvers
2066;Anvers
2067;Anvers
2068;Anvers
2069;Anvers
2070;Anvers
2071;Anvers
2072;Anvers
2073;Anvers
2074;Anvers
2075;Anvers
2076;Anvers
2077;Anvers
2078;Anvers
2079;Anvers
2080;Anvers
2081;Anvers
2082;Anvers
2083;Anvers
2084;Anvers
2085;Anvers
2086;Anvers
2087;Anvers
2088;Anvers
2089;Anvers
2090;Anvers
2091;Anvers
2092;Anvers
2093;Anvers
2094;Anvers
2095;Anvers
2096;Anvers
2097;Anvers
2098;Anvers
2099;Anvers
2100;Anvers
2101;Anvers
2102;Anvers
2103;Anvers
2104;Anvers
2105;Anvers
2106;Anvers
2107;Anvers
2108;Anvers
2109;Anvers
2110;Anvers
2111;Anvers
2112;Anvers
2113;Anvers
2114;Anvers
2115;Anvers
2116;Anvers
2117;Anvers
2118;Anvers
2119;Anvers
2120;Anvers
2121;Anvers
2122;Anvers
2123;Anvers
2124;Anvers
2125;Anvers
2126;Anvers
2127;Anvers
2128;Anvers
2129;Anvers
2130;Anvers
2131;Anvers
2132;Anvers
2133;Anvers
2134;Anvers
2135;Anvers
2136;Anvers
2137;Anvers
2138;Anvers
2139;Anvers
2140;Anvers
2141;Anvers
2142;Anvers
2143;Anvers
2144;Anvers
2145;Anvers
2146;Anvers
2147;Anvers
2148;Anvers
2149;Anvers
2150;Anvers
2151;Anvers
2152;Anvers
2153;Anvers
2154;Anvers
2155;Anvers
2156;Anvers
2157;Anvers
2158;Anvers
2159;Anvers
2160;Anvers
2161;Anvers
2162;Anvers
2163;Anvers
2164;Anvers
2165;Anvers
2166;Anvers
2167;Anvers
2168;Anvers
2169;Anvers
2170;Anvers
2171;Anvers
2172;Anvers
2173;Anvers
2174;Anvers
2175;Anvers
2176;Anvers
2177;Anvers
2178;Anvers
2179;Anvers
2180;Anvers
2181;Anvers
2182;Anvers
2183;Anvers
2184;Anvers
2185;Anvers
2186;Anvers
2187;Anvers
2188;Anvers
2189;Anvers
2190;Anvers
2191;Anvers
2192;Anvers
2193;Anvers
2194;Anvers
2195;Anvers
2196;Anvers
2197;Anvers
2198;Anvers
2199;Anvers
2200;Anvers
2201;Anvers
2202;Anvers
2203;Anvers
2204;Anvers
2205;Anvers
2206;Anvers
2207;Anvers
2208;Anvers
2209;Anvers
2210;Anvers
2211;Anvers
2212;Anvers
2213;Anvers
2214;Anvers
2215;Anvers
2216;Anvers
2217;Anvers
2218;Anvers
2219;Anvers
2220;Anvers
2221;Anvers
2222;Anvers
2223;Anvers
2224;Anvers
2225;Anvers
2226;Anvers
2227;Anvers
2228;Anvers
2229;Anvers
2230;Anvers
2231;Anvers
2232;Anvers
2233;Anvers
2234;Anvers
2235;Anvers
2236;Anvers
2237;Anvers
2238;Anvers
2239;Anvers
2240;Anvers
2241;Anvers
2242;Anvers
2243;Anvers
2244;Anvers
2245;Anvers
2246;Anvers
2247;Anvers
2248;Anvers
2249;Anvers
2250;Anvers
2251;Anvers
2252;Anvers
2253;Anvers
2254;Anvers
2255;Anvers
2256;Anvers
2257;Anvers
2258;Anvers
2259;Anvers
2260;Anvers
2261;Anvers
2262;Anvers
2263;Anvers
2264;Anvers
2265;Anvers
2266;Anvers
2267;Anvers
2268;Anvers
2269;Anvers
2270;Anvers
2271;Anvers
2272;Anvers
2273;Anvers
2274;Anvers
2275;Anvers
2276;Anvers
2277;Anvers
2278;Anvers
2279;Anvers
2280;Anvers
2281;Anvers
2282;Anvers
2283;Anvers
2284;Anvers
2285;Anvers
2286;Anvers
2287;Anvers
2288;Anvers
2289;Anvers
2290;Anvers
2291;Anvers
2292;Anvers
2293;Anvers
2294;Anvers
2295;Anvers
2296;Anvers
2297;Anvers
2298;Anvers
2299;Anvers
2300;Anvers
2301;Anvers
2302;Anvers
2303;Anvers
2304;Anvers
2305;Anvers
2306;Anvers
2307;Anvers
2308;Anvers
2309;Anvers
2310;Anvers
2311;Anvers
2312;Anvers
2313;Anvers
2314;Anvers
2315;Anvers
2316;Anvers
2317;Anvers
2318;Anvers
2319;Anvers
2320;Anvers
2321;Anvers
2322;Anvers
2323;Anvers
2324;Anvers
2325;Anvers
2326;Anvers
2327;Anvers
2328;Anvers
2329;Anvers
2330;Anvers
2331;Anvers
2332;Anvers
2333;Anvers
2334;Anvers
2335;Anvers
2336;Anvers
2337;Anvers
2338;Anvers
2339;Anvers
2340;Anvers
2341;Anvers
2342;Anvers
2343;Anvers
2344;Anvers
2345;Anvers
2346;Anvers
2347;Anvers
2348;Anvers
2349;Anvers
2350;Anvers
2351;Anvers
2352;Anvers
2353;Anvers
2354;Anvers
2355;Anvers
2356;Anvers
2357;Anvers
2358;Anvers
2359;Anvers
2360;Anvers
2361;Anvers
2362;Anvers
2363;Anvers
2364;Anvers
2365;Anvers
2366;Anvers
2367;Anvers
2368;Anvers
2369;Anvers
2370;Anvers
2371;Anvers
2372;Anvers
2373;Anvers
2374;Anvers
2375;Anvers
2376;Anvers
2377;Anvers
2378;Anvers
2379;Anvers
2380;Anvers
2381;Anvers
2382;Anvers
2383;Anvers
2384;Anvers
2385;Anvers
2386;Anvers
2387;Anvers
2388;Anvers
2389;Anvers
2390;Anvers
2391;Anvers
2392;Anvers
2393;Anvers
2394;Anvers
2395;Anvers
2396;Anvers
2397;Anvers
2398;Anvers
2399;Anvers
2400;Anvers
2401;Anvers
2402;Anvers
2403;Anvers
2404;Anvers
2405;Anvers
2406;Anvers
2407;Anvers
2408;Anvers
2409;Anvers
2410;Anvers
2411;Anvers
2412;Anvers
2413;Anvers
2414;Anvers
2415;Anvers
2416;Anvers
2417;Anvers
2418;Anvers
2419;Anvers
2420;Anvers
2421;Anvers
2422;Anvers
2423;Anvers
2424;Anvers
2425;Anvers
2426;Anvers
2427;Anvers
2428;Anvers
2429;Anvers
2430;Anvers
2431;Anvers
2432;Anvers
2433;Anvers
2434;Anvers
2435;Anvers
2436;Anvers
2437;Anvers
2438;Anvers
2439;Anvers
2440;Anvers
2441;Anvers
2442;Anvers
2443;Anvers
2444;Anvers
2445;Anvers
2446;Anvers
2447;Anvers
2448;Anvers
2449;Anvers
2450;Anvers
2451;Anvers
2452;Anvers
2453;Anvers
2454;Anvers
2455;Anvers
2456;Anvers
2457;Anvers
2458;Anvers
2459;Anvers
2460;Anvers
2461;Anvers
2462;Anvers
2463;Anvers
2464;Anvers
2465;Anvers
2466;Anvers
2467;Anvers
2468;Anvers
2469;Anvers
2470;Anvers
2471;Anvers
2472;Anvers
2473;Anvers
2474;Anvers
2475;Anvers
2476;Anvers
2477;Anvers
2478;Anvers
2479;Anvers
2480;Anvers
2481;Anvers
2482;Anvers
2483;Anvers
2484;Anvers
2485;Anvers
2486;Anvers
2487;Anvers
2488;Anvers
2489;Anvers
2490;Anvers
2491;Anvers
2492;Anvers
2493;Anvers
2494;Anvers
2495;Anvers
2496;Anvers
2497;Anvers
2498;Anvers
2499;Anvers
2500;Anvers
2501;Anvers
2502;Anvers
2503;Anvers
2504;Anvers
2505;Anvers
2506;Anvers
2507;Anvers
2508;Anvers
2509;Anvers
2510;Anvers
2511;Anvers
2512;Anvers
2513;Anvers
2514;Anvers
2515;Anvers
2516;Anvers
2517;Anvers
2518;Anvers
2519;Anvers
2520;Anvers
2521;Anvers
2522;Anvers
2523;Anvers
2524;Anvers
2525;Anvers
2526;Anvers
2527;Anvers
2528;Anvers
2529;Anvers
2530;Anvers
2531;Anvers
2532;Anvers
2533;Anvers
2534;Anvers
2535;Anvers
2536;Anvers
2537;Anvers
2538;Anvers
2539;Anvers
2540;Anvers
2541;Anvers
2542;Anvers
2543;Anvers
2544;Anvers
2545;Anvers
2546;Anvers
2547;Anvers
2548;Anvers
2549;Anvers
2550;Anvers
2551;Anvers
2552;Anvers
2553;Anvers
2554;Anvers
2555;Anvers
2556;Anvers
2557;Anvers
2558;Anvers
2559;Anvers
2560;Anvers
2561;Anvers
2562;Anvers
2563;Anvers
2564;Anvers
2565;Anvers
2566;Anvers
2567;Anvers
2568;Anvers
2569;Anvers
2570;Anvers
2571;Anvers
2572;Anvers
2573;Anvers
2574;Anvers
2575;Anvers
2576;Anvers
2577;Anvers
2578;Anvers
2579;Anvers
2580;Anvers
2581;Anvers
2582;Anvers
2583;Anvers
2584;Anvers
2585;Anvers
2586;Anvers
2587;Anvers
2588;Anvers
2589;Anvers
2590;Anvers
2591;Anvers
2592;Anvers
2593;Anvers
2594;Anvers
2595;Anvers
2596;Anvers
2597;Anvers
2598;Anvers
2599;Anvers
2600;Anvers
2601;Anvers
2602;Anvers
2603;Anvers
2604;Anvers
2605;Anvers
2606;Anvers
2607;Anvers
2608;Anvers
2609;Anvers
2610;Anvers
2611;Anvers
2612;Anvers
2613;Anvers
2614;Anvers
2615;Anvers
2616;Anvers
2617;Anvers
2618;Anvers
2619;Anvers
2620;Anvers
2621;Anvers
2622;Anvers
2623;Anvers
2624;Anvers
2625;Anvers
2626;Anvers
2627;Anvers
2628;Anvers
2629;Anvers
2630;Anvers
2631;Anvers
2632;Anvers
2633;Anvers
2634;Anvers
2635;Anvers
2636;Anvers
2637;Anvers
2638;Anvers
2639;Anvers
2640;Anvers
2641;Anvers
2642;Anvers
2643;Anvers
2644;Anvers
2645;Anvers
2646;Anvers
2647;Anvers
2648;Anvers
2649;Anvers
2650;Anvers
2651;Anvers
2652;Anvers
2653;Anvers
2654;Anvers
2655;Anvers
2656;Anvers
2657;Anvers
2658;Anvers
2659;Anvers
2660;Anvers
2661;Anvers
2662;Anvers
2663;Anvers
2664;Anvers
2665;Anvers
2666;Anvers
2667;Anvers
2668;Anvers
2669;Anvers
2670;Anvers
2671;Anvers
2672;Anvers
2673;Anvers
2674;Anvers
2675;Anvers
2676;Anvers
2677;Anvers
2678;Anvers
2679;Anvers
2680;Anvers
2681;Anvers
2682;Anvers
2683;Anvers
2684;Anvers
2685;Anvers
2686;Anvers
2687;Anvers
2688;Anvers
2689;Anvers
2690;Anvers
2691;Anvers
2692;Anvers
2693;Anvers
2694;Anvers
2695;Anvers
2696;Anvers
2697;Anvers
2698;Anvers
2699;Anvers
2700;Anvers
2701;Anvers
2702;Anvers
2703;Anvers
2704;Anvers
2705;Anvers
2706;Anvers
2707;Anvers
2708;Anvers
2709;Anvers
2710;Anvers
2711;Anvers
2712;Anvers
2713;Anvers
2714;Anvers
2715;Anvers
2716;Anvers
2717;Anvers
2718;Anvers
2719;Anvers
2720;Anvers
2721;Anvers
2722;Anvers
2723;Anvers
2724;Anvers
2725;Anvers
2726;Anvers
2727;Anvers
2728;Anvers
2729;Anvers
2730;Anvers
2731;Anvers
2732;Anvers
2733;Anvers
2734;Anvers
2735;Anvers
2736;Anvers
2737;Anvers
2738;Anvers
2739;Anvers
2740;Anvers
2741;Anvers
2742;Anvers
2743;Anvers
2744;Anvers
2745;Anvers
2746;Anvers
2747;Anvers
2748;Anvers
2749;Anvers
2750;Anvers
2751;Anvers
2752;Anvers
2753;Anvers
2754;Anvers
2755;Anvers
2756;Anvers
2757;Anvers
2758;Anvers
2759;Anvers
2760;Anvers
2761;Anvers
2762;Anvers
2763;Anvers
2764;Anvers
2765;Anvers
2766;Anvers
2767;Anvers
2768;Anvers
2769;Anvers
2770;Anvers
2771;Anvers
2772;Anvers
2773;Anvers
2774;Anvers
2775;Anvers
2776;Anvers
2777;Anvers
2778;Anvers
2779;Anvers
2780;Anvers
2781;Anvers
2782;Anvers
2783;Anvers
2784;Anvers
2785;Anvers
2786;Anvers
2787;Anvers
2788;Anvers
2789;Anvers
2790;Anvers
2791;Anvers
2792;Anvers
2793;Anvers
2794;Anvers
2795;Anvers
2796;Anvers
2797;Anvers
2798;Anvers
2799;Anvers
2800;Anvers
2801;Anvers
2802;Anvers
2803;Anvers
2804;Anvers
2805;Anvers
2806;Anvers
2807;Anvers
2808;Anvers
2809;Anvers
2810;Anvers
2811;Anvers
2812;Anvers
2813;Anvers
2814;Anvers
2815;Anvers
2816;Anvers
2817;Anvers
2818;Anvers
2819;Anvers
2820;Anvers
2821;Anvers
2822;Anvers
2823;Anvers
2824;Anvers
2825;Anvers
2826;Anvers
2827;Anvers
2828;Anvers
2829;Anvers
2830;Anvers
2831;Anvers
2832;Anvers
2833;Anvers
2834;Anvers
2835;Anvers
2836;Anvers
2837;Anvers
2838;Anvers
2839;Anvers
2840;Anvers
2841;Anvers
2842;Anvers
2843;Anvers
2844;Anvers
2845;Anvers
2846;Anvers
2847;Anvers
2848;Anvers
2849;Anvers
2850;Anvers
2851;Anvers
2852;Anvers
2853;Anvers
2854;Anvers
2855;Anvers
2856;Anvers
2857;Anvers
2858;Anvers
2859;Anvers
2860;Anvers
2861;Anvers
2862;Anvers
2863;Anvers
2864;Anvers
2865;Anvers
2866;Anvers
2867;Anvers
2868;Anvers
2869;Anvers
2870;Anvers
2871;Anvers
2872;Anvers
2873;Anvers
2874;Anvers
2875;Anvers
2876;Anvers
2877;Anvers
2878;Anvers
2879;Anvers
2880;Anvers
2881;Anvers
2882;Anvers
2883;Anvers
2884;Anvers
2885;Anvers
2886;Anvers
2887;Anvers
2888;Anvers
2889;Anvers
2890;Anvers
2891;Anvers
2892;Anvers
2893;Anvers
2894;Anvers
2895;Anvers
2896;Anvers
2897;Anvers
2898;Anvers
2899;Anvers
2900;Anvers
2901;Anvers
2902;Anvers
2903;Anvers
2904;Anvers
2905;Anvers
2906;Anvers
2907;Anvers
2908;Anvers
2909;Anvers
2910;Anvers
2911;Anvers
2912;Anvers
2913;Anvers
2914;Anvers
2915;Anvers
2916;Anvers
2917;Anvers
2918;Anvers
2919;Anvers
2920;Anvers
2921;Anvers
2922;Anvers
2923;Anvers
2924;Anvers
2925;Anvers
2926;Anvers
2927;Anvers
2928;Anvers
2929;Anvers
2930;Anvers
2931;Anvers
2932;Anvers
2933;Anvers
2934;Anvers
2935;Anvers
2936;Anvers
2937;Anvers
2938;Anvers
2939;Anvers
2940;Anvers
2941;Anvers
2942;Anvers
2943;Anvers
2944;Anvers
2945;Anvers
2946;Anvers
2947;Anvers
2948;Anvers
2949;Anvers
2950;Anvers
2951;Anvers
2952;Anvers
2953;Anvers
2954;Anvers
2955;Anvers
2956;Anvers
2957;Anvers
2958;Anvers
2959;Anvers
2960;Anvers
2961;Anvers
2962;Anvers
2963;Anvers
2964;Anvers
2965;Anvers
2966;Anvers
2967;Anvers
2968;Anvers
2969;Anvers
2970;Anvers
2971;Anvers
2972;Anvers
2973;Anvers
2974;Anvers
2975;Anvers
2976;Anvers
2977;Anvers
2978;Anvers
2979;Anvers
2980;Anvers
2981;Anvers
2982;Anvers
2983;Anvers
2984;Anvers
2985;Anvers
2986;Anvers
2987;Anvers
2988;Anvers
2989;Anvers
2990;Anvers
2991;Anvers
2992;Anvers
2993;Anvers
2994;Anvers
2995;Anvers
2996;Anvers
2997;Anvers
2998;Anvers
2999;Anvers
3000;Brabant flamand
3001;Brabant flamand
3002;Brabant flamand
3003;Brabant flamand
3004;Brabant flamand
3005;Brabant flamand
3006;Brabant flamand
3007;Brabant flamand
3008;Brabant flamand
3009;Brabant flamand
3010;Brabant flamand
3011;Brabant flamand
3012;Brabant flamand
3013;Brabant flamand
3014;Brabant flamand
3015;Brabant flamand
3016;Brabant flamand
3017;Brabant flamand
3018;Brabant flamand
3019;Brabant flamand
3020;Brabant flamand
3021;Brabant flamand
3022;Brabant flamand
3023;Brabant flamand
3024;Brabant flamand
3025;Brabant flamand
3026;Brabant flamand
3027;Brabant flamand
3028;Brabant flamand
3029;Brabant flamand
3030;Brabant flamand
3031;Brabant flamand
3032;Brabant flamand
3033;Brabant flamand
3034;Brabant flamand
3035;Brabant flamand
3036;Brabant flamand
3037;Brabant flamand
3038;Brabant flamand
3039;Brabant flamand
3040;Brabant flamand
3041;Brabant flamand
3042;Brabant flamand
3043;Brabant flamand
3044;Brabant flamand
3045;Brabant flamand
3046;Brabant flamand
3047;Brabant flamand
3048;Brabant flamand
3049;Brabant flamand
3050;Brabant flamand
3051;Brabant flamand
3052;Brabant flamand
3053;Brabant flamand
3054;Brabant flamand
3055;Brabant flamand
3056;Brabant flamand
3057;Brabant flamand
3058;Brabant flamand
3059;Brabant flamand
3060;Brabant flamand
3061;Brabant flamand
3062;Brabant flamand
3063;Brabant flamand
3064;Brabant flamand
3065;Brabant flamand
3066;Brabant flamand
3067;Brabant flamand
3068;Brabant flamand
3069;Brabant flamand
3070;Brabant flamand
3071;Brabant flamand
3072;Brabant flamand
3073;Brabant flamand
3074;Brabant flamand
3075;Brabant flamand
3076;Brabant flamand
3077;Brabant flamand
3078;Brabant flamand
3079;Brabant flamand
3080;Brabant flamand
3081;Brabant flamand
3082;Brabant flamand
3083;Brabant flamand
3084;Brabant flamand
3085;Brabant flamand
3086;Brabant flamand
3087;Brabant flamand
3088;Brabant flamand
3089;Brabant flamand
3090;Brabant flamand
3091;Brabant flamand
3092;Brabant flamand
3093;Brabant flamand
3094;Brabant flamand
3095;Brabant flamand
3096;Brabant flamand
3097;Brabant flamand
3098;Brabant flamand
3099;Brabant flamand
3100;Brabant flamand
3101;Brabant flamand
3102;Brabant flamand
3103;Brabant flamand
3104;Brabant flamand
3105;Brabant flamand
3106;Brabant flamand
3107;Brabant flamand
3108;Brabant flamand
3109;Brabant flamand
3110;Brabant flamand
3111;Brabant flamand
3112;Brabant flamand
3113;Brabant flamand
3114;Brabant flamand
3115;Brabant flamand
3116;Brabant flamand
3117;Brabant flamand
3118;Brabant flamand
3119;Brabant flamand
3120;Brabant flamand
3121;Brabant flamand
3122;Brabant flamand
3123;Brabant flamand
3124;Brabant flamand
3125;Brabant flamand
3126;Brabant flamand
3127;Brabant flamand
3128;Brabant flamand
3129;Brabant flamand
3130;Brabant flamand
3131;Brabant flamand
3132;Brabant flamand
3133;Brabant flamand
3134;Brabant flamand
3135;Brabant flamand
3136;Brabant flamand
3137;Brabant flamand
3138;Brabant flamand
3139;Brabant flamand
3140;Brabant flamand
3141;Brabant flamand
3142;Brabant flamand
3143;Brabant flamand
3144;Brabant flamand
3145;Brabant flamand
3146;Brabant flamand
3147;Brabant flamand
3148;Brabant flamand
3149;Brabant flamand
3150;Brabant flamand
3151;Brabant flamand
3152;Brabant flamand
3153;Brabant flamand
3154;Brabant flamand
3155;Brabant flamand
3156;Brabant flamand
3157;Brabant flamand
3158;Brabant flamand
3159;Brabant flamand
3160;Brabant flamand
3161;Brabant flamand
3162;Brabant flamand
3163;Brabant flamand
3164;Brabant flamand
3165;Brabant flamand
3166;Brabant flamand
3167;Brabant flamand
3168;Brabant flamand
3169;Brabant flamand
3170;Brabant flamand
3171;Brabant flamand
3172;Brabant flamand
3173;Brabant flamand
3174;Brabant flamand
3175;Brabant flamand
3176;Brabant flamand
3177;Brabant flamand
3178;Brabant flamand
3179;Brabant flamand
3180;Brabant flamand
3181;Brabant flamand
3182;Brabant flamand
3183;Brabant flamand
3184;Brabant flamand
3185;Brabant flamand
3186;Brabant flamand
3187;Brabant flamand
3188;Brabant flamand
3189;Brabant flamand
3190;Brabant flamand
3191;Brabant flamand
3192;Brabant flamand
3193;Brabant flamand
3194;Brabant flamand
3195;Brabant flamand
3196;Brabant flamand
3197;Brabant flamand
3198;Brabant flamand
3199;Brabant flamand
3200;Brabant flamand
3201;Brabant flamand
3202;Brabant flamand
3203;Brabant flamand
3204;Brabant flamand
3205;Brabant flamand
3206;Brabant flamand
3207;Brabant flamand
3208;Brabant flamand
3209;Brabant flamand
3210;Brabant flamand
3211;Brabant flamand
3212;Brabant flamand
3213;Brabant flamand
3214;Brabant flamand
3215;Brabant flamand
3216;Brabant flamand
3217;Brabant flamand
3218;Brabant flamand
3219;Brabant flamand
3220;Brabant flamand
3221;Brabant flamand
3222;Brabant flamand
3223;Brabant flamand
3224;Brabant flamand
3225;Brabant flamand
3226;Brabant flamand
3227;Brabant flamand
3228;Brabant flamand
3229;Brabant flamand
3230;Brabant flamand
3231;Brabant flamand
3232;Brabant flamand
3233;Brabant flamand
3234;Brabant flamand
3235;Brabant flamand
3236;Brabant flamand
3237;Brabant flamand
3238;Brabant flamand
3239;Brabant flamand
3240;Brabant flamand
3241;Brabant flamand
3242;Brabant flamand
3243;Brabant flamand
3244;Brabant flamand
3245;Brabant flamand
3246;Brabant flamand
3247;Brabant flamand
3248;Brabant flamand
3249;Brabant flamand
3250;Brabant flamand
3251;Brabant flamand
3252;Brabant flamand
3253;Brabant flamand
3254;Brabant flamand
3255;Brabant flamand
3256;Brabant flamand
3257;Brabant flamand
3258;Brabant flamand
3259;Brabant flamand
3260;Brabant flamand
3261;Brabant flamand
3262;Brabant flamand
3263;Brabant flamand
3264;Brabant flamand
3265;Brabant flamand
3266;Brabant flamand
3267;Brabant flamand
3268;Brabant flamand
3269;Brabant flamand
3270;Brabant flamand
3271;Brabant flamand
3272;Brabant flamand
3273;Brabant flamand
3274;Brabant flamand
3275;Brabant flamand
3276;Brabant flamand
3277;Brabant flamand
3278;Brabant flamand
3279;Brabant flamand
3280;Brabant flamand
3281;Brabant flamand
3282;Brabant flamand
3283;Brabant flamand
3284;Brabant flamand
3285;Brabant flamand
3286;Brabant flamand
3287;Brabant flamand
3288;Brabant flamand
3289;Brabant flamand
3290;Brabant flamand
3291;Brabant flamand
3292;Brabant flamand
3293;Brabant flamand
3294;Brabant flamand
3295;Brabant flamand
3296;Brabant flamand
3297;Brabant flamand
3298;Brabant flamand
3299;Brabant flamand
3300;Brabant flamand
3301;Brabant flamand
3302;Brabant flamand
3303;Brabant flamand
3304;Brabant flamand
3305;Brabant flamand
3306;Brabant flamand
3307;Brabant flamand
3308;Brabant flamand
3309;Brabant flamand
3310;Brabant flamand
3311;Brabant flamand
3312;Brabant flamand
3313;Brabant flamand
3314;Brabant flamand
3315;Brabant flamand
3316;Brabant flamand
3317;Brabant flamand
3318;Brabant flamand
3319;Brabant flamand
3320;Brabant flamand
3321;Brabant flamand
3322;Brabant flamand
3323;Brabant flamand
3324;Brabant flamand
3325;Brabant flamand
3326;Brabant flamand
3327;Brabant flamand
3328;Brabant flamand
3329;Brabant flamand
3330;Brabant flamand
3331;Brabant flamand
3332;Brabant flamand
3333;Brabant flamand
3334;Brabant flamand
3335;Brabant flamand
3336;Brabant flamand
3337;Brabant flamand
3338;Brabant flamand
3339;Brabant flamand
3340;Brabant flamand
3341;Brabant flamand
3342;Brabant flamand
3343;Brabant flamand
3344;Brabant flamand
3345;Brabant flamand
3346;Brabant flamand
3347;Brabant flamand
3348;Brabant flamand
3349;Brabant flamand
3350;Brabant flamand
3351;Brabant flamand
3352;Brabant flamand
3353;Brabant flamand
3354;Brabant flamand
3355;Brabant flamand
3356;Brabant flamand
3357;Brabant flamand
3358;Brabant flamand
3359;Brabant flamand
3360;Brabant flamand
3361;Brabant flamand
3362;Brabant flamand
3363;Brabant flamand
3364;Brabant flamand
3365;Brabant flamand
3366;Brabant flamand
3367;Brabant flamand
3368;Brabant flamand
3369;Brabant flamand
3370;Brabant flamand
3371;Brabant flamand
3372;Brabant flamand
3373;Brabant flamand
3374;Brabant flamand
3375;Brabant flamand
3376;Brabant flamand
3377;Brabant flamand
3378;Brabant flamand
3379;Brabant flamand
3380;Brabant flamand
3381;Brabant flamand
3382;Brabant flamand
3383;Brabant flamand
3384;Brabant flamand
3385;Brabant flamand
3386;Brabant flamand
3387;Brabant flamand
3388;Brabant flamand
3389;Brabant flamand
3390;Brabant flamand
3391;Brabant flamand
3392;Brabant flamand
3393;Brabant flamand
3394;Brabant flamand
3395;Brabant flamand
3396;Brabant flamand
3397;Brabant flamand
3398;Brabant flamand
3399;Brabant flamand
3400;Brabant flamand
3401;Brabant flamand
3402;Brabant flamand
3403;Brabant flamand
3404;Brabant flamand
3405;Brabant flamand
3406;Brabant flamand
3407;Brabant flamand
3408;Brabant flamand
3409;Brabant flamand
3410;Brabant flamand
3411;Brabant flamand
3412;Brabant flamand
3413;Brabant flamand
3414;Brabant flamand
3415;Brabant flamand
3416;Brabant flamand
3417;Brabant flamand
3418;Brabant flamand
3419;Brabant flamand
3420;Brabant flamand
3421;Brabant flamand
3422;Brabant flamand
3423;Brabant flamand
3424;Brabant flamand
3425;Brabant flamand
3426;Brabant flamand
3427;Brabant flamand
3428;Brabant flamand
3429;Brabant flamand
3430;Brabant flamand
3431;Brabant flamand
3432;Brabant flamand
3433;Brabant flamand
3434;Brabant flamand
3435;Brabant flamand
3436;Brabant flamand
3437;Brabant flamand
3438;Brabant flamand
3439;Brabant flamand
3440;Brabant flamand
3441;Brabant flamand
3442;Brabant flamand
3443;Brabant flamand
3444;Brabant flamand
3445;Brabant flamand
3446;Brabant flamand
3447;Brabant flamand
3448;Brabant flamand
3449;Brabant flamand
3450;Brabant flamand
3451;Brabant flamand
3452;Brabant flamand
3453;Brabant flamand
3454;Brabant flamand
3455;Brabant flamand
3456;Brabant flamand
3457;Brabant flamand
3458;Brabant flamand
3459;Brabant flamand
3460;Brabant flamand
3461;Brabant flamand
3462;Brabant flamand
3463;Brabant flamand
3464;Brabant flamand
3465;Brabant flamand
3466;Brabant flamand
3467;Brabant flamand
3468;Brabant flamand
3469;Brabant flamand
3470;Brabant flamand
3471;Brabant flamand
3472;Brabant flamand
3473;Brabant flamand
3474;Brabant flamand
3475;Brabant flamand
3476;Brabant flamand
3477;Brabant flamand
3478;Brabant flamand
3479;Brabant flamand
3480;Brabant flamand
3481;Brabant flamand
3482;Brabant flamand
3483;Brabant flamand
3484;Brabant flamand
3485;Brabant flamand
3486;Brabant flamand
3487;Brabant flamand
3488;Brabant flamand
3489;Brabant flamand
3490;Brabant flamand
3491;Brabant flamand
3492;Brabant flamand
3493;Brabant flamand
3494;Brabant flamand
3495;Brabant flamand
3496;Brabant flamand
3497;Brabant flamand
3498;Brabant flamand
3499;Brabant flamand
3500;Limbourg
3501;Limbourg
3502;Limbourg
3503;Limbourg
3504;Limbourg
3505;Limbourg
3506;Limbourg
3507;Limbourg
3508;Limbourg
3509;Limbourg
3510;Limbourg
3511;Limbourg
3512;Limbourg
3513;Limbourg
3514;Limbourg
3515;Limbourg
3516;Limbourg
3517;Limbourg
3518;Limbourg
3519;Limbourg
3520;Limbourg
3521;Limbourg
3522;Limbourg
3523;Limbourg
3524;Limbourg
3525;Limbourg
3526;Limbourg
3527;Limbourg
3528;Limbourg
3529;Limbourg
3530;Limbourg
3531;Limbourg
3532;Limbourg
3533;Limbourg
3534;Limbourg
3535;Limbourg
3536;Limbourg
3537;Limbourg
3538;Limbourg
3539;Limbourg
3540;Limbourg
3541;Limbourg
3542;Limbourg
3543;Limbourg
3544;Limbourg
3545;Limbourg
3546;Limbourg
3547;Limbourg
3548;Limbourg
3549;Limbourg
3550;Limbourg
3551;Limbourg
3552;Limbourg
3553;Limbourg
3554;Limbourg
3555;Limbourg
3556;Limbourg
3557;Limbourg
3558;Limbourg
3559;Limbourg
3560;Limbourg
3561;Limbourg
3562;Limbourg
3563;Limbourg
3564;Limbourg
3565;Limbourg
3566;Limbourg
3567;Limbourg
3568;Limbourg
3569;Limbourg
3570;Limbourg
3571;Limbourg
3572;Limbourg
3573;Limbourg
3574;Limbourg
3575;Limbourg
3576;Limbourg
3577;Limbourg
3578;Limbourg
3579;Limbourg
3580;Limbourg
3581;Limbourg
3582;Limbourg
3583;Limbourg
3584;Limbourg
3585;Limbourg
3586;Limbourg
3587;Limbourg
3588;Limbourg
3589;Limbourg
3590;Limbourg
3591;Limbourg
3592;Limbourg
3593;Limbourg
3594;Limbourg
3595;Limbourg
3596;Limbourg
3597;Limbourg
3598;Limbourg
3599;Limbourg
3600;Limbourg
3601;Limbourg
3602;Limbourg
3603;Limbourg
3604;Limbourg
3605;Limbourg
3606;Limbourg
3607;Limbourg
3608;Limbourg
3609;Limbourg
3610;Limbourg
3611;Limbourg
3612;Limbourg
3613;Limbourg
3614;Limbourg
3615;Limbourg
3616;Limbourg
3617;Limbourg
3618;Limbourg
3619;Limbourg
3620;Limbourg
3621;Limbourg
3622;Limbourg
3623;Limbourg
3624;Limbourg
3625;Limbourg
3626;Limbourg
3627;Limbourg
3628;Limbourg
3629;Limbourg
3630;Limbourg
3631;Limbourg
3632;Limbourg
3633;Limbourg
3634;Limbourg
3635;Limbourg
3636;Limbourg
3637;Limbourg
3638;Limbourg
3639;Limbourg
3640;Limbourg
3641;Limbourg
3642;Limbourg
3643;Limbourg
3644;Limbourg
3645;Limbourg
3646;Limbourg
3647;Limbourg
3648;Limbourg
3649;Limbourg
3650;Limbourg
3651;Limbourg
3652;Limbourg
3653;Limbourg
3654;Limbourg
3655;Limbourg
3656;Limbourg
3657;Limbourg
3658;Limbourg
3659;Limbourg
3660;Limbourg
3661;Limbourg
3662;Limbourg
3663;Limbourg
3664;Limbourg
3665;Limbourg
3666;Limbourg
3667;Limbourg
3668;Limbourg
3669;Limbourg
3670;Limbourg
3671;Limbourg
3672;Limbourg
3673;Limbourg
3674;Limbourg
3675;Limbourg
3676;Limbourg
3677;Limbourg
3678;Limbourg
3679;Limbourg
3680;Limbourg
3681;Limbourg
3682;Limbourg
3683;Limbourg
3684;Limbourg
3685;Limbourg
3686;Limbourg
3687;Limbourg
3688;Limbourg
3689;Limbourg
3690;Limbourg
3691;Limbourg
3692;Limbourg
3693;Limbourg
3694;Limbourg
3695;Limbourg
3696;Limbourg
3697;Limbourg
3698;Limbourg
3699;Limbourg
3700;Limbourg
3701;Limbourg
3702;Limbourg
3703;Limbourg
3704;Limbourg
3705;Limbourg
3706;Limbourg
3707;Limbourg
3708;Limbourg
3709;Limbourg
3710;Limbourg
3711;Limbourg
3712;Limbourg
3713;Limbourg
3714;Limbourg
3715;Limbourg
3716;Limbourg
3717;Limbourg
3718;Limbourg
3719;Limbourg
3720;Limbourg
3721;Limbourg
3722;Limbourg
3723;Limbourg
3724;Limbourg
3725;Limbourg
3726;Limbourg
3727;Limbourg
3728;Limbourg
3729;Limbourg
3730;Limbourg
3731;Limbourg
3732;Limbourg
3733;Limbourg
3734;Limbourg
3735;Limbourg
3736;Limbourg
3737;Limbourg
3738;Limbourg
3739;Limbourg
3740;Limbourg
3741;Limbourg
3742;Limbourg
3743;Limbourg
3744;Limbourg
3745;Limbourg
3746;Limbourg
3747;Limbourg
3748;Limbourg
3749;Limbourg
3750;Limbourg
3751;Limbourg
3752;Limbourg
3753;Limbourg
3754;Limbourg
3755;Limbourg
3756;Limbourg
3757;Limbourg
3758;Limbourg
3759;Limbourg
3760;Limbourg
3761;Limbourg
3762;Limbourg
3763;Limbourg
3764;Limbourg
3765;Limbourg
3766;Limbourg
3767;Limbourg
3768;Limbourg
3769;Limbourg
3770;Limbourg
3771;Limbourg
3772;Limbourg
3773;Limbourg
3774;Limbourg
3775;Limbourg
3776;Limbourg
3777;Limbourg
3778;Limbourg
3779;Limbourg
3780;Limbourg
3781;Limbourg
3782;Limbourg
3783;Limbourg
3784;Limbourg
3785;Limbourg
3786;Limbourg
3787;Limbourg
3788;Limbourg
3789;Limbourg
3790;Limbourg
3791;Limbourg
3792;Limbourg
3793;Limbourg
3794;Limbourg
3795;Limbourg
3796;Limbourg
3797;Limbourg
3798;Limbourg
3799;Limbourg
3800;Limbourg
3801;Limbourg
3802;Limbourg
3803;Limbourg
3804;Limbourg
3805;Limbourg
3806;Limbourg
3807;Limbourg
3808;Limbourg
3809;Limbourg
3810;Limbourg
3811;Limbourg
3812;Limbourg
3813;Limbourg
3814;Limbourg
3815;Limbourg
3816;Limbourg
3817;Limbourg
3818;Limbourg
3819;Limbourg
3820;Limbourg
3821;Limbourg
3822;Limbourg
3823;Limbourg
3824;Limbourg
3825;Limbourg
3826;Limbourg
3827;Limbourg
3828;Limbourg
3829;Limbourg
3830;Limbourg
3831;Limbourg
3832;Limbourg
3833;Limbourg
3834;Limbourg
3835;Limbourg
3836;Limbourg
3837;Limbourg
3838;Limbourg
3839;Limbourg
3840;Limbourg
3841;Limbourg
3842;Limbourg
3843;Limbourg
3844;Limbourg
3845;Limbourg
3846;Limbourg
3847;Limbourg
3848;Limbourg
3849;Limbourg
3850;Limbourg
3851;Limbourg
3852;Limbourg
3853;Limbourg
3854;Limbourg
3855;Limbourg
3856;Limbourg
3857;Limbourg
3858;Limbourg
3859;Limbourg
3860;Limbourg
3861;Limbourg
3862;Limbourg
3863;Limbourg
3864;Limbourg
3865;Limbourg
3866;Limbourg
3867;Limbourg
3868;Limbourg
3869;Limbourg
3870;Limbourg
3871;Limbourg
3872;Limbourg
3873;Limbourg
3874;Limbourg
3875;Limbourg
3876;Limbourg
3877;Limbourg
3878;Limbourg
3879;Limbourg
3880;Limbourg
3881;Limbourg
3882;Limbourg
3883;Limbourg
3884;Limbourg
3885;Limbourg
3886;Limbourg
3887;Limbourg
3888;Limbourg
3889;Limbourg
3890;Limbourg
3891;Limbourg
3892;Limbourg
3893;Limbourg
3894;Limbourg
3895;Limbourg
3896;Limbourg
3897;Limbourg
3898;Limbourg
3899;Limbourg
3900;Limbourg
3901;Limbourg
3902;Limbourg
3903;Limbourg
3904;Limbourg
3905;Limbourg
3906;Limbourg
3907;Limbourg
3908;Limbourg
3909;Limbourg
3910;Limbourg
3911;Limbourg
3912;Limbourg
3913;Limbourg
3914;Limbourg
3915;Limbourg
3916;Limbourg
3917;Limbourg
3918;Limbourg
3919;Limbourg
3920;Limbourg
3921;Limbourg
3922;Limbourg
3923;Limbourg
3924;Limbourg
3925;Limbourg
3926;Limbourg
3927;Limbourg
3928;Limbourg
3929;Limbourg
3930;Limbourg
3931;Limbourg
3932;Limbourg
3933;Limbourg
3934;Limbourg
3935;Limbourg
3936;Limbourg
3937;Limbourg
3938;Limbourg
3939;Limbourg
3940;Limbourg
3941;Limbourg
3942;Limbourg
3943;Limbourg
3944;Limbourg
3945;Limbourg
3946;Limbourg
3947;Limbourg
3948;Limbourg
3949;Limbourg
3950;Limbourg
3951;Limbourg
3952;Limbourg
3953;Limbourg
3954;Limbourg
3955;Limbourg
3956;Limbourg
3957;Limbourg
3958;Limbourg
3959;Limbourg
3960;Limbourg
3961;Limbourg
3962;Limbourg
3963;Limbourg
3964;Limbourg
3965;Limbourg
3966;Limbourg
3967;Limbourg
3968;Limbourg
3969;Limbourg
3970;Limbourg
3971;Limbourg
3972;Limbourg
3973;Limbourg
3974;Limbourg
3975;Limbourg
3976;Limbourg
3977;Limbourg
3978;Limbourg
3979;Limbourg
3980;Limbourg
3981;Limbourg
3982;Limbourg
3983;Limbourg
3984;Limbourg
3985;Limbourg
3986;Limbourg
3987;Limbourg
3988;Limbourg
3989;Limbourg
3990;Limbourg
3991;Limbourg
3992;Limbourg
3993;Limbourg
3994;Limbourg
3995;Limbourg
3996;Limbourg
3997;Limbourg
3998;Limbourg
3999;Limbourg
4000;Liège
4001;Liège
4002;Liège
4003;Liège
4004;Liège
4005;Liège
4006;Liège
4007;Liège
4008;Liège
4009;Liège
4010;Liège
4011;Liège
4012;Liège
4013;Liège
4014;Liège
4015;Liège
4016;Liège
4017;Liège
4018;Liège
4019;Liège
4020;Liège
4021;Liège
4022;Liège
4023;Liège
4024;Liège
4025;Liège
4026;Liège
4027;Liège
4028;Liège
4029;Liège
4030;Liège
4031;Liège
4032;Liège
4033;Liège
4034;Liège
4035;Liège
4036;Liège
4037;Liège
4038;Liège
4039;Liège
4040;Liège
4041;Liège
4042;Liège
4043;Liège
4044;Liège
4045;Liège
4046;Liège
4047;Liège
4048;Liège
4049;Liège
4050;Liège
4051;Liège
4052;Liège
4053;Liège
4054;Liège
4055;Liège
4056;Liège
4057;Liège
4058;Liège
4059;Liège
4060;Liège
4061;Liège
4062;Liège
4063;Liège
4064;Liège
4065;Liège
4066;Liège
4067;Liège
4068;Liège
4069;Liège
4070;Liège
4071;Liège
4072;Liège
4073;Liège
4074;Liège
4075;Liège
4076;Liège
4077;Liège
4078;Liège
4079;Liège
4080;Liège
4081;Liège
4082;Liège
4083;Liège
4084;Liège
4085;Liège
4086;Liège
4087;Liège
4088;Liège
4089;Liège
4090;Liège
4091;Liège
4092;Liège
4093;Liège
4094;Liège
4095;Liège
4096;Liège
4097;Liège
4098;Liège
4099;Liège
4100;Liège
4101;Liège
4102;Liège
4103;Liège
4104;Liège
4105;Liège
4106;Liège
4107;Liège
4108;Liège
4109;Liège
4110;Liège
4111;Liège
4112;Liège
4113;Liège
4114;Liège
4115;Liège
4116;Liège
4117;Liège
4118;Liège
4119;Liège
4120;Liège
4121;Liège
4122;Liège
4123;Liège
4124;Liège
4125;Liège
4126;Liège
4127;Liège
4128;Liège
4129;Liège
4130;Liège
4131;Liège
4132;Liège
4133;Liège
4134;Liège
4135;Liège
4136;Liège
4137;Liège
4138;Liège
4139;Liège
4140;Liège
4141;Liège
4142;Liège
4143;Liège
4144;Liège
4145;Liège
4146;Liège
4147;Liège
4148;Liège
4149;Liège
4150;Liège
4151;Liège
4152;Liège
4153;Liège
4154;Liège
4155;Liège
4156;Liège
4157;Liège
4158;Liège
4159;Liège
4160;Liège
4161;Liège
4162;Liège
4163;Liège
4164;Liège
4165;Liège
4166;Liège
4167;Liège
4168;Liège
4169;Liège
4170;Liège
4171;Liège
4172;Liège
4173;Liège
4174;Liège
4175;Liège
4176;Liège
4177;Liège
4178;Liège
4179;Liège
4180;Liège
4181;Liège
4182;Liège
4183;Liège
4184;Liège
4185;Liège
4186;Liège
4187;Liège
4188;Liège
4189;Liège
4190;Liège
4191;Liège
4192;Liège
4193;Liège
4194;Liège
4195;Liège
4196;Liège
4197;Liège
4198;Liège
4199;Liège
4200;Liège
4201;Liège
4202;Liège
4203;Liège
4204;Liège
4205;Liège
4206;Liège
4207;Liège
4208;Liège
4209;Liège
4210;Liège
4211;Liège
4212;Liège
4213;Liège
4214;Liège
4215;Liège
4216;Liège
4217;Liège
4218;Liège
4219;Liège
4220;Liège
4221;Liège
4222;Liège
4223;Liège
4224;Liège
4225;Liège
4226;Liège
4227;Liège
4228;Liège
4229;Liège
4230;Liège
4231;Liège
4232;Liège
4233;Liège
4234;Liège
4235;Liège
4236;Liège
4237;Liège
4238;Liège
4239;Liège
4240;Liège
4241;Liège
4242;Liège
4243;Liège
4244;Liège
4245;Liège
4246;Liège
4247;Liège
4248;Liège
4249;Liège
4250;Liège
4251;Liège
4252;Liège
4253;Liège
4254;Liège
4255;Liège
4256;Liège
4257;Liège
4258;Liège
4259;Liège
4260;Liège
4261;Liège
4262;Liège
4263;Liège
4264;Liège
4265;Liège
4266;Liège
4267;Liège
4268;Liège
4269;Liège
4270;Liège
4271;Liège
4272;Liège
4273;Liège
4274;Liège
4275;Liège
4276;Liège
4277;Liège
4278;Liège
4279;Liège
4280;Liège
4281;Liège
4282;Liège
4283;Liège
4284;Liège
4285;Liège
4286;Liège
4287;Liège
4288;Liège
4289;Liège
4290;Liège
4291;Liège
4292;Liège
4293;Liège
4294;Liège
4295;Liège
4296;Liège
4297;Liège
4298;Liège
4299;Liège
4300;Liège
4301;Liège
4302;Liège
4303;Liège
4304;Liège
4305;Liège
4306;Liège
4307;Liège
4308;Liège
4309;Liège
4310;Liège
4311;Liège
4312;Liège
4313;Liège
4314;Liège
4315;Liège
4316;Liège
4317;Liège
4318;Liège
4319;Liège
4320;Liège
4321;Liège
4322;Liège
4323;Liège
4324;Liège
4325;Liège
4326;Liège
4327;Liège
4328;Liège
4329;Liège
4330;Liège
4331;Liège
4332;Liège
4333;Liège
4334;Liège
4335;Liège
4336;Liège
4337;Liège
4338;Liège
4339;Liège
4340;Liège
4341;Liège
4342;Liège
4343;Liège
4344;Liège
4345;Liège
4346;Liège
4347;Liège
4348;Liège
4349;Liège
4350;Liège
4351;Liège
4352;Liège
4353;Liège
4354;Liège
4355;Liège
4356;Liège
4357;Liège
4358;Liège
4359;Liège
4360;Liège
4361;Liège
4362;Liège
4363;Liège
4364;Liège
4365;Liège
4366;Liège
4367;Liège
4368;Liège
4369;Liège
4370;Liège
4371;Liège
4372;Liège
4373;Liège
4374;Liège
4375;Liège
4376;Liège
4377;Liège
4378;Liège
4379;Liège
4380;Liège
4381;Liège
4382;Liège
4383;Liège
4384;Liège
4385;Liège
4386;Liège
4387;Liège
4388;Liège
4389;Liège
4390;Liège
4391;Liège
4392;Liège
4393;Liège
4394;Liège
4395;Liège
4396;Liège
4397;Liège
4398;Liège
4399;Liège
4400;Liège
4401;Liège
4402;Liège
4403;Liège
4404;Liège
4405;Liège
4406;Liège
4407;Liège
4408;Liège
4409;Liège
4410;Liège
4411;Liège
4412;Liège
4413;Liège
4414;Liège
4415;Liège
4416;Liège
4417;Liège
4418;Liège
4419;Liège
4420;Liège
4421;Liège
4422;Liège
4423;Liège
4424;Liège
4425;Liège
4426;Liège
4427;Liège
4428;Liège
4429;Liège
4430;Liège
4431;Liège
4432;Liège
4433;Liège
4434;Liège
4435;Liège
4436;Liège
4437;Liège
4438;Liège
4439;Liège
4440;Liège
4441;Liège
4442;Liège
4443;Liège
4444;Liège
4445;Liège
4446;Liège
4447;Liège
4448;Liège
4449;Liège
4450;Liège
4451;Liège
4452;Liège
4453;Liège
4454;Liège
4455;Liège
4456;Liège
4457;Liège
4458;Liège
4459;Liège
4460;Liège
4461;Liège
4462;Liège
4463;Liège
4464;Liège
4465;Liège
4466;Liège
4467;Liège
4468;Liège
4469;Liège
4470;Liège
4471;Liège
4472;Liège
4473;Liège
4474;Liège
4475;Liège
4476;Liège
4477;Liège
4478;Liège
4479;Liège
4480;Liège
4481;Liège
4482;Liège
4483;Liège
4484;Liège
4485;Liège
4486;Liège
4487;Liège
4488;Liège
4489;Liège
4490;Liège
4491;Liège
4492;Liège
4493;Liège
4494;Liège
4495;Liège
4496;Liège
4497;Liège
4498;Liège
4499;Liège
4500;Liège
4501;Liège
4502;Liège
4503;Liège
4504;Liège
4505;Liège
4506;Liège
4507;Liège
4508;Liège
4509;Liège
4510;Liège
4511;Liège
4512;Liège
4513;Liège
4514;Liège
4515;Liège
4516;Liège
4517;Liège
4518;Liège
4519;Liège
4520;Liège
4521;Liège
4522;Liège
4523;Liège
4524;Liège
4525;Liège
4526;Liège
4527;Liège
4528;Liège
4529;Liège
4530;Liège
4531;Liège
4532;Liège
4533;Liège
4534;Liège
4535;Liège
4536;Liège
4537;Liège
4538;Liège
4539;Liège
4540;Liège
4541;Liège
4542;Liège
4543;Liège
4544;Liège
4545;Liège
4546;Liège
4547;Liège
4548;Liège
4549;Liège
4550;Liège
4551;Liège
4552;Liège
4553;Liège
4554;Liège
4555;Liège
4556;Liège
4557;Liège
4558;Liège
4559;Liège
4560;Liège
4561;Liège
4562;Liège
4563;Liège
4564;Liège
4565;Liège
4566;Liège
4567;Liège
4568;Liège
4569;Liège
4570;Liège
4571;Liège
4572;Liège
4573;Liège
4574;Liège
4575;Liège
4576;Liège
4577;Liège
4578;Liège
4579;Liège
4580;Liège
4581;Liège
4582;Liège
4583;Liège
4584;Liège
4585;Liège
4586;Liège
4587;Liège
4588;Liège
4589;Liège
4590;Liège
4591;Liège
4592;Liège
4593;Liège
4594;Liège
4595;Liège
4596;Liège
4597;Liège
4598;Liège
4599;Liège
4600;Liège
4601;Liège
4602;Liège
4603;Liège
4604;Liège
4605;Liège
4606;Liège
4607;Liège
4608;Liège
4609;Liège
4610;Liège
4611;Liège
4612;Liège
4613;Liège
4614;Liège
4615;Liège
4616;Liège
4617;Liège
4618;Liège
4619;Liège
4620;Liège
4621;Liège
4622;Liège
4623;Liège
4624;Liège
4625;Liège
4626;Liège
4627;Liège
4628;Liège
4629;Liège
4630;Liège
4631;Liège
4632;Liège
4633;Liège
4634;Liège
4635;Liège
4636;Liège
4637;Liège
4638;Liège
4639;Liège
4640;Liège
4641;Liège
4642;Liège
4643;Liège
4644;Liège
4645;Liège
4646;Liège
4647;Liège
4648;Liège
4649;Liège
4650;Liège
4651;Liège
4652;Liège
4653;Liège
4654;Liège
4655;Liège
4656;Liège
4657;Liège
4658;Liège
4659;Liège
4660;Liège
4661;Liège
4662;Liège
4663;Liège
4664;Liège
4665;Liège
4666;Liège
4667;Liège
4668;Liège
4669;Liège
4670;Liège
4671;Liège
4672;Liège
4673;Liège
4674;Liège
4675;Liège
4676;Liège
4677;Liège
4678;Liège
4679;Liège
4680;Liège
4681;Liège
4682;Liège
4683;Liège
4684;Liège
4685;Liège
4686;Liège
4687;Liège
4688;Liège
4689;Liège
4690;Liège
4691;Liège
4692;Liège
4693;Liège
4694;Liège
4695;Liège
4696;Liège
4697;Liège
4698;Liège
4699;Liège
4700;Liège
4701;Liège
4702;Liège
4703;Liège
4704;Liège
4705;Liège
4706;Liège
4707;Liège
4708;Liège
4709;Liège
4710;Liège
4711;Liège
4712;Liège
4713;Liège
4714;Liège
4715;Liège
4716;Liège
4717;Liège
4718;Liège
4719;Liège
4720;Liège
4721;Liège
4722;Liège
4723;Liège
4724;Liège
4725;Liège
4726;Liège
4727;Liège
4728;Liège
4729;Liège
4730;Liège
4731;Liège
4732;Liège
4733;Liège
4734;Liège
4735;Liège
4736;Liège
4737;Liège
4738;Liège
4739;Liège
4740;Liège
4741;Liège
4742;Liège
4743;Liège
4744;Liège
4745;Liège
4746;Liège
4747;Liège
4748;Liège
4749;Liège
4750;Liège
4751;Liège
4752;Liège
4753;Liège
4754;Liège
4755;Liège
4756;Liège
4757;Liège
4758;Liège
4759;Liège
4760;Liège
4761;Liège
4762;Liège
4763;Liège
4764;Liège
4765;Liège
4766;Liège
4767;Liège
4768;Liège
4769;Liège
4770;Liège
4771;Liège
4772;Liège
4773;Liège
4774;Liège
4775;Liège
4776;Liège
4777;Liège
4778;Liège
4779;Liège
4780;Liège
4781;Liège
4782;Liège
4783;Liège
4784;Liège
4785;Liège
4786;Liège
4787;Liège
4788;Liège
4789;Liège
4790;Liège
4791;Liège
4792;Liège
4793;Liège
4794;Liège
4795;Liège
4796;Liège
4797;Liège
4798;Liège
4799;Liège
4800;Liège
4801;Liège
4802;Liège
4803;Liège
4804;Liège
4805;Liège
4806;Liège
4807;Liège
4808;Liège
4809;Liège
4810;Liège
4811;Liège
4812;Liège
4813;Liège
4814;Liège
4815;Liège
4816;Liège
4817;Liège
4818;Liège
4819;Liège
4820;Liège
4821;Liège
4822;Liège
4823;Liège
4824;Liège
4825;Liège
4826;Liège
4827;Liège
4828;Liège
4829;Liège
4830;Liège
4831;Liège
4832;Liège
4833;Liège
4834;Liège
4835;Liège
4836;Liège
4837;Liège
4838;Liège
4839;Liège
4840;Liège
4841;Liège
4842;Liège
4843;Liège
4844;Liège
4845;Liège
4846;Liège
4847;Liège
4848;Liège
4849;Liège
4850;Liège
4851;Liège
4852;Liège
4853;Liège
4854;Liège
4855;Liège
4856;Liège
4857;Liège
4858;Liège
4859;Liège
4860;Liège
4861;Liège
4862;Liège
4863;Liège
4864;Liège
4865;Liège
4866;Liège
4867;Liège
4868;Liège
4869;Liège
4870;Liège
4871;Liège
4872;Liège
4873;Liège
4874;Liège
4875;Liège
4876;Liège
4877;Liège
4878;Liège
4879;Liège
4880;Liège
4881;Liège
4882;Liège
4883;Liège
4884;Liège
4885;Liège
4886;Liège
4887;Liège
4888;Liège
4889;Liège
4890;Liège
4891;Liège
4892;Liège
4893;Liège
4894;Liège
4895;Liège
4896;Liège
4897;Liège
4898;Liège
4899;Liège
4900;Liège
4901;Liège
4902;Liège
4903;Liège
4904;Liège
4905;Liège
4906;Liège
4907;Liège
4908;Liège
4909;Liège
4910;Liège
4911;Liège
4912;Liège
4913;Liège
4914;Liège
4915;Liège
4916;Liège
4917;Liège
4918;Liège
4919;Liège
4920;Liège
4921;Liège
4922;Liège
4923;Liège
4924;Liège
4925;Liège
4926;Liège
4927;Liège
4928;Liège
4929;Liège
4930;Liège
4931;Liège
4932;Liège
4933;Liège
4934;Liège
4935;Liège
4936;Liège
4937;Liège
4938;Liège
4939;Liège
4940;Liège
4941;Liège
4942;Liège
4943;Liège
4944;Liège
4945;Liège
4946;Liège
4947;Liège
4948;Liège
4949;Liège
4950;Liège
4951;Liège
4952;Liège
4953;Liège
4954;Liège
4955;Liège
4956;Liège
4957;Liège
4958;Liège
4959;Liège
4960;Liège
4961;Liège
4962;Liège
4963;Liège
4964;Liège
4965;Liège
4966;Liège
4967;Liège
4968;Liège
4969;Liège
4970;Liège
4971;Liège
4972;Liège
4973;Liège
4974;Liège
4975;Liège
4976;Liège
4977;Liège
4978;Liège
4979;Liège
4980;Liège
4981;Liège
4982;Liège
4983;Liège
4984;Liège
4985;Liège
4986;Liège
4987;Liège
4988;Liège
4989;Liège
4990;Liège
4991;Liège
4992;Liège
4993;Liège
4994;Liège
4995;Liège
4996;Liège
4997;Liège
4998;Liège
4999;Liège
5000;Namur
5001;Namur
5002;Namur
5003;Namur
5004;Namur
5005;Namur
5006;Namur
5007;Namur
5008;Namur
5009;Namur
5010;Namur
5011;Namur
5012;Namur
5013;Namur
5014;Namur
5015;Namur
5016;Namur
5017;Namur
5018;Namur
5019;Namur
5020;Namur
5021;Namur
5022;Namur
5023;Namur
5024;Namur
5025;Namur
5026;Namur
5027;Namur
5028;Namur
5029;Namur
5030;Namur
5031;Namur
5032;Namur
5033;Namur
5034;Namur
5035;Namur
5036;Namur
5037;Namur
5038;Namur
5039;Namur
5040;Namur
5041;Namur
5042;Namur
5043;Namur
5044;Namur
5045;Namur
5046;Namur
5047;Namur
5048;Namur
5049;Namur
5050;Namur
5051;Namur
5052;Namur
5053;Namur
5054;Namur
5055;Namur
5056;Namur
5057;Namur
5058;Namur
5059;Namur
5060;Namur
5061;Namur
5062;Namur
5063;Namur
5064;Namur
5065;Namur
5066;Namur
5067;Namur
5068;Namur
5069;Namur
5070;Namur
5071;Namur
5072;Namur
5073;Namur
5074;Namur
5075;Namur
5076;Namur
5077;Namur
5078;Namur
5079;Namur
5080;Namur
5081;Namur
5082;Namur
5083;Namur
5084;Namur
5085;Namur
5086;Namur
5087;Namur
5088;Namur
5089;Namur
5090;Namur
5091;Namur
5092;Namur
5093;Namur
5094;Namur
5095;Namur
5096;Namur
5097;Namur
5098;Namur
5099;Namur
5100;Namur
5101;Namur
5102;Namur
5103;Namur
5104;Namur
5105;Namur
5106;Namur
5107;Namur
5108;Namur
5109;Namur
5110;Namur
5111;Namur
5112;Namur
5113;Namur
5114;Namur
5115;Namur
5116;Namur
5117;Namur
5118;Namur
5119;Namur
5120;Namur
5121;Namur
5122;Namur
5123;Namur
5124;Namur
5125;Namur
5126;Namur
5127;Namur
5128;Namur
5129;Namur
5130;Namur
5131;Namur
5132;Namur
5133;Namur
5134;Namur
5135;Namur
5136;Namur
5137;Namur
5138;Namur
5139;Namur
5140;Namur
5141;Namur
5142;Namur
5143;Namur
5144;Namur
5145;Namur
5146;Namur
5147;Namur
5148;Namur
5149;Namur
5150;Namur
5151;Namur
5152;Namur
5153;Namur
5154;Namur
5155;Namur
5156;Namur
5157;Namur
5158;Namur
5159;Namur
5160;Namur
5161;Namur
5162;Namur
5163;Namur
5164;Namur
5165;Namur
5166;Namur
5167;Namur
5168;Namur
5169;Namur
5170;Namur
5171;Namur
5172;Namur
5173;Namur
5174;Namur
5175;Namur
5176;Namur
5177;Namur
5178;Namur
5179;Namur
5180;Namur
5181;Namur
5182;Namur
5183;Namur
5184;Namur
5185;Namur
5186;Namur
5187;Namur
5188;Namur
5189;Namur
5190;Namur
5191;Namur
5192;Namur
5193;Namur
5194;Namur
5195;Namur
5196;Namur
5197;Namur
5198;Namur
5199;Namur
5200;Namur
5201;Namur
5202;Namur
5203;Namur
5204;Namur
5205;Namur
5206;Namur
5207;Namur
5208;Namur
5209;Namur
5210;Namur
5211;Namur
5212;Namur
5213;Namur
5214;Namur
5215;Namur
5216;Namur
5217;Namur
5218;Namur
5219;Namur
5220;Namur
5221;Namur
5222;Namur
5223;Namur
5224;Namur
5225;Namur
5226;Namur
5227;Namur
5228;Namur
5229;Namur
5230;Namur
5231;Namur
5232;Namur
5233;Namur
5234;Namur
5235;Namur
5236;Namur
5237;Namur
5238;Namur
5239;Namur
5240;Namur
5241;Namur
5242;Namur
5243;Namur
5244;Namur
5245;Namur
5246;Namur
5247;Namur
5248;Namur
5249;Namur
5250;Namur
5251;Namur
5252;Namur
5253;Namur
5254;Namur
5255;Namur
5256;Namur
5257;Namur
5258;Namur
5259;Namur
5260;Namur
5261;Namur
5262;Namur
5263;Namur
5264;Namur
5265;Namur
5266;Namur
5267;Namur
5268;Namur
5269;Namur
5270;Namur
5271;Namur
5272;Namur
5273;Namur
5274;Namur
5275;Namur
5276;Namur
5277;Namur
5278;Namur
5279;Namur
5280;Namur
5281;Namur
5282;Namur
5283;Namur
5284;Namur
5285;Namur
5286;Namur
5287;Namur
5288;Namur
5289;Namur
5290;Namur
5291;Namur
5292;Namur
5293;Namur
5294;Namur
5295;Namur
5296;Namur
5297;Namur
5298;Namur
5299;Namur
5300;Namur
5301;Namur
5302;Namur
5303;Namur
5304;Namur
5305;Namur
5306;Namur
5307;Namur
5308;Namur
5309;Namur
5310;Namur
5311;Namur
5312;Namur
5313;Namur
5314;Namur
5315;Namur
5316;Namur
5317;Namur
5318;Namur
5319;Namur
5320;Namur
5321;Namur
5322;Namur
5323;Namur
5324;Namur
5325;Namur
5326;Namur
5327;Namur
5328;Namur
5329;Namur
5330;Namur
5331;Namur
5332;Namur
5333;Namur
5334;Namur
5335;Namur
5336;Namur
5337;Namur
5338;Namur
5339;Namur
5340;Namur
5341;Namur
5342;Namur
5343;Namur
5344;Namur
5345;Namur
5346;Namur
5347;Namur
5348;Namur
5349;Namur
5350;Namur
5351;Namur
5352;Namur
5353;Namur
5354;Namur
5355;Namur
5356;Namur
5357;Namur
5358;Namur
5359;Namur
5360;Namur
5361;Namur
5362;Namur
5363;Namur
5364;Namur
5365;Namur
5366;Namur
5367;Namur
5368;Namur
5369;Namur
5370;Namur
5371;Namur
5372;Namur
5373;Namur
5374;Namur
5375;Namur
5376;Namur
5377;Namur
5378;Namur
5379;Namur
5380;Namur
5381;Namur
5382;Namur
5383;Namur
5384;Namur
5385;Namur
5386;Namur
5387;Namur
5388;Namur
5389;Namur
5390;Namur
5391;Namur
5392;Namur
5393;Namur
5394;Namur
5395;Namur
5396;Namur
5397;Namur
5398;Namur
5399;Namur
5400;Namur
5401;Namur
5402;Namur
5403;Namur
5404;Namur
5405;Namur
5406;Namur
5407;Namur
5408;Namur
5409;Namur
5410;Namur
5411;Namur
5412;Namur
5413;Namur
5414;Namur
5415;Namur
5416;Namur
5417;Namur
5418;Namur
5419;Namur
5420;Namur
5421;Namur
5422;Namur
5423;Namur
5424;Namur
5425;Namur
5426;Namur
5427;Namur
5428;Namur
5429;Namur
5430;Namur
5431;Namur
5432;Namur
5433;Namur
5434;Namur
5435;Namur
5436;Namur
5437;Namur
5438;Namur
5439;Namur
5440;Namur
5441;Namur
5442;Namur
5443;Namur
5444;Namur
5445;Namur
5446;Namur
5447;Namur
5448;Namur
5449;Namur
5450;Namur
5451;Namur
5452;Namur
5453;Namur
5454;Namur
5455;Namur
5456;Namur
5457;Namur
5458;Namur
5459;Namur
5460;Namur
5461;Namur
5462;Namur
5463;Namur
5464;Namur
5465;Namur
5466;Namur
5467;Namur
5468;Namur
5469;Namur
5470;Namur
5471;Namur
5472;Namur
5473;Namur
5474;Namur
5475;Namur
5476;Namur
5477;Namur
5478;Namur
5479;Namur
5480;Namur
5481;Namur
5482;Namur
5483;Namur
5484;Namur
5485;Namur
5486;Namur
5487;Namur
5488;Namur
5489;Namur
5490;Namur
5491;Namur
5492;Namur
5493;Namur
5494;Namur
5495;Namur
5496;Namur
5497;Namur
5498;Namur
5499;Namur
5500;Namur
5501;Namur
5502;Namur
5503;Namur
5504;Namur
5505;Namur
5506;Namur
5507;Namur
5508;Namur
5509;Namur
5510;Namur
5511;Namur
5512;Namur
5513;Namur
5514;Namur
5515;Namur
5516;Namur
5517;Namur
5518;Namur
5519;Namur
5520;Namur
5521;Namur
5522;Namur
5523;Namur
5524;Namur
5525;Namur
5526;Namur
5527;Namur
5528;Namur
5529;Namur
5530;Namur
5531;Namur
5532;Namur
5533;Namur
5534;Namur
5535;Namur
5536;Namur
5537;Namur
5538;Namur
5539;Namur
5540;Namur
5541;Namur
5542;Namur
5543;Namur
5544;Namur
5545;Namur
5546;Namur
5547;Namur
5548;Namur
5549;Namur
5550;Namur
5551;Namur
5552;Namur
5553;Namur
5554;Namur
5555;Namur
5556;Namur
5557;Namur
5558;Namur
5559;Namur
5560;Namur
5561;Namur
5562;Namur
5563;Namur
5564;Namur
5565;Namur
5566;Namur
5567;Namur
5568;Namur
5569;Namur
5570;Namur
5571;Namur
5572;Namur
5573;Namur
5574;Namur
5575;Namur
5576;Namur
5577;Namur
5578;Namur
5579;Namur
5580;Namur
5581;Namur
5582;Namur
5583;Namur
5584;Namur
5585;Namur
5586;Namur
5587;Namur
5588;Namur
5589;Namur
5590;Namur
5591;Namur
5592;Namur
5593;Namur
5594;Namur
5595;Namur
5596;Namur
5597;Namur
5598;Namur
5599;Namur
5600;Namur
5601;Namur
5602;Namur
5603;Namur
5604;Namur
5605;Namur
5606;Namur
5607;Namur
5608;Namur
5609;Namur
5610;Namur
5611;Namur
5612;Namur
5613;Namur
5614;Namur
5615;Namur
5616;Namur
5617;Namur
5618;Namur
5619;Namur
5620;Namur
5621;Namur
5622;Namur
5623;Namur
5624;Namur
5625;Namur
5626;Namur
5627;Namur
5628;Namur
5629;Namur
5630;Namur
5631;Namur
5632;Namur
5633;Namur
5634;Namur
5635;Namur
5636;Namur
5637;Namur
5638;Namur
5639;Namur
5640;Namur
5641;Namur
5642;Namur
5643;Namur
5644;Namur
5645;Namur
5646;Namur
5647;Namur
5648;Namur
5649;Namur
5650;Namur
5651;Namur
5652;Namur
5653;Namur
5654;Namur
5655;Namur
5656;Namur
5657;Namur
5658;Namur
5659;Namur
5660;Namur
5661;Namur
5662;Namur
5663;Namur
5664;Namur
5665;Namur
5666;Namur
5667;Namur
5668;Namur
5669;Namur
5670;Namur
5671;Namur
5672;Namur
5673;Namur
5674;Namur
5675;Namur
5676;Namur
5677;Namur
5678;Namur
5679;Namur
5680;Namur
5681;Namur
5682;Namur
5683;Namur
5684;Namur
5685;Namur
5686;Namur
5687;Namur
5688;Namur
5689;Namur
5690;Namur
5691;Namur
5692;Namur
5693;Namur
5694;Namur
5695;Namur
5696;Namur
5697;Namur
5698;Namur
5699;Namur
5700;Namur
5701;Namur
5702;Namur
5703;Namur
5704;Namur
5705;Namur
5706;Namur
5707;Namur
5708;Namur
5709;Namur
5710;Namur
5711;Namur
5712;Namur
5713;Namur
5714;Namur
5715;Namur
5716;Namur
5717;Namur
5718;Namur
5719;Namur
5720;Namur
5721;Namur
5722;Namur
5723;Namur
5724;Namur
5725;Namur
5726;Namur
5727;Namur
5728;Namur
5729;Namur
5730;Namur
5731;Namur
5732;Namur
5733;Namur
5734;Namur
5735;Namur
5736;Namur
5737;Namur
5738;Namur
5739;Namur
5740;Namur
5741;Namur
5742;Namur
5743;Namur
5744;Namur
5745;Namur
5746;Namur
5747;Namur
5748;Namur
5749;Namur
5750;Namur
5751;Namur
5752;Namur
5753;Namur
5754;Namur
5755;Namur
5756;Namur
5757;Namur
5758;Namur
5759;Namur
5760;Namur
5761;Namur
5762;Namur
5763;Namur
5764;Namur
5765;Namur
5766;Namur
5767;Namur
5768;Namur
5769;Namur
5770;Namur
5771;Namur
5772;Namur
5773;Namur
5774;Namur
5775;Namur
5776;Namur
5777;Namur
5778;Namur
5779;Namur
5780;Namur
5781;Namur
5782;Namur
5783;Namur
5784;Namur
5785;Namur
5786;Namur
5787;Namur
5788;Namur
5789;Namur
5790;Namur
5791;Namur
5792;Namur
5793;Namur
5794;Namur
5795;Namur
5796;Namur
5797;Namur
5798;Namur
5799;Namur
5800;Namur
5801;Namur
5802;Namur
5803;Namur
5804;Namur
5805;Namur
5806;Namur
5807;Namur
5808;Namur
5809;Namur
5810;Namur
5811;Namur
5812;Namur
5813;Namur
5814;Namur
5815;Namur
5816;Namur
5817;Namur
5818;Namur
5819;Namur
5820;Namur
5821;Namur
5822;Namur
5823;Namur
5824;Namur
5825;Namur
5826;Namur
5827;Namur
5828;Namur
5829;Namur
5830;Namur
5831;Namur
5832;Namur
5833;Namur
5834;Namur
5835;Namur
5836;Namur
5837;Namur
5838;Namur
5839;Namur
5840;Namur
5841;Namur
5842;Namur
5843;Namur
5844;Namur
5845;Namur
5846;Namur
5847;Namur
5848;Namur
5849;Namur
5850;Namur
5851;Namur
5852;Namur
5853;Namur
5854;Namur
5855;Namur
5856;Namur
5857;Namur
5858;Namur
5859;Namur
5860;Namur
5861;Namur
5862;Namur
5863;Namur
5864;Namur
5865;Namur
5866;Namur
5867;Namur
5868;Namur
5869;Namur
5870;Namur
5871;Namur
5872;Namur
5873;Namur
5874;Namur
5875;Namur
5876;Namur
5877;Namur
5878;Namur
5879;Namur
5880;Namur
5881;Namur
5882;Namur
5883;Namur
5884;Namur
5885;Namur
5886;Namur
5887;Namur
5888;Namur
5889;Namur
5890;Namur
5891;Namur
5892;Namur
5893;Namur
5894;Namur
5895;Namur
5896;Namur
5897;Namur
5898;Namur
5899;Namur
5900;Namur
5901;Namur
5902;Namur
5903;Namur
5904;Namur
5905;Namur
5906;Namur
5907;Namur
5908;Namur
5909;Namur
5910;Namur
5911;Namur
5912;Namur
5913;Namur
5914;Namur
5915;Namur
5916;Namur
5917;Namur
5918;Namur
5919;Namur
5920;Namur
5921;Namur
5922;Namur
5923;Namur
5924;Namur
5925;Namur
5926;Namur
5927;Namur
5928;Namur
5929;Namur
5930;Namur
5931;Namur
5932;Namur
5933;Namur
5934;Namur
5935;Namur
5936;Namur
5937;Namur
5938;Namur
5939;Namur
5940;Namur
5941;Namur
5942;Namur
5943;Namur
5944;Namur
5945;Namur
5946;Namur
5947;Namur
5948;Namur
5949;Namur
5950;Namur
5951;Namur
5952;Namur
5953;Namur
5954;Namur
5955;Namur
5956;Namur
5957;Namur
5958;Namur
5959;Namur
5960;Namur
5961;Namur
5962;Namur
5963;Namur
5964;Namur
5965;Namur
5966;Namur
5967;Namur
5968;Namur
5969;Namur
5970;Namur
5971;Namur
5972;Namur
5973;Namur
5974;Namur
5975;Namur
5976;Namur
5977;Namur
5978;Namur
5979;Namur
5980;Namur
5981;Namur
5982;Namur
5983;Namur
5984;Namur
5985;Namur
5986;Namur
5987;Namur
5988;Namur
5989;Namur
5990;Namur
5991;Namur
5992;Namur
5993;Namur
5994;Namur
5995;Namur
5996;Namur
5997;Namur
5998;Namur
5999;Namur
6000;Hainaut
6001;Hainaut
6002;Hainaut
6003;Hainaut
6004;Hainaut
6005;Hainaut
6006;Hainaut
6007;Hainaut
6008;Hainaut
6009;Hainaut
6010;Hainaut
6011;Hainaut
6012;Hainaut
6013;Hainaut
6014;Hainaut
6015;Hainaut
6016;Hainaut
6017;Hainaut
6018;Hainaut
6019;Hainaut
6020;Hainaut
6021;Hainaut
6022;Hainaut
6023;Hainaut
6024;Hainaut
6025;Hainaut
6026;Hainaut
6027;Hainaut
6028;Hainaut
6029;Hainaut
6030;Hainaut
6031;Hainaut
6032;Hainaut
6033;Hainaut
6034;Hainaut
6035;Hainaut
6036;Hainaut
6037;Hainaut
6038;Hainaut
6039;Hainaut
6040;Hainaut
6041;Hainaut
6042;Hainaut
6043;Hainaut
6044;Hainaut
6045;Hainaut
6046;Hainaut
6047;Hainaut
6048;Hainaut
6049;Hainaut
6050;Hainaut
6051;Hainaut
6052;Hainaut
6053;Hainaut
6054;Hainaut
6055;Hainaut
6056;Hainaut
6057;Hainaut
6058;Hainaut
6059;Hainaut
6060;Hainaut
6061;Hainaut
6062;Hainaut
6063;Hainaut
6064;Hainaut
6065;Hainaut
6066;Hainaut
6067;Hainaut
6068;Hainaut
6069;Hainaut
6070;Hainaut
6071;Hainaut
6072;Hainaut
6073;Hainaut
6074;Hainaut
6075;Hainaut
6076;Hainaut
6077;Hainaut
6078;Hainaut
6079;Hainaut
6080;Hainaut
6081;Hainaut
6082;Hainaut
6083;Hainaut
6084;Hainaut
6085;Hainaut
6086;Hainaut
6087;Hainaut
6088;Hainaut
6089;Hainaut
6090;Hainaut
6091;Hainaut
6092;Hainaut
6093;Hainaut
6094;Hainaut
6095;Hainaut
6096;Hainaut
6097;Hainaut
6098;Hainaut
6099;Hainaut
6100;Hainaut
6101;Hainaut
6102;Hainaut
6103;Hainaut
6104;Hainaut
6105;Hainaut
6106;Hainaut
6107;Hainaut
6108;Hainaut
6109;Hainaut
6110;Hainaut
6111;Hainaut
6112;Hainaut
6113;Hainaut
6114;Hainaut
6115;Hainaut
6116;Hainaut
6117;Hainaut
6118;Hainaut
6119;Hainaut
6120;Hainaut
6121;Hainaut
6122;Hainaut
6123;Hainaut
6124;Hainaut
6125;Hainaut
6126;Hainaut
6127;Hainaut
6128;Hainaut
6129;Hainaut
6130;Hainaut
6131;Hainaut
6132;Hainaut
6133;Hainaut
6134;Hainaut
6135;Hainaut
6136;Hainaut
6137;Hainaut
6138;Hainaut
6139;Hainaut
6140;Hainaut
6141;Hainaut
6142;Hainaut
6143;Hainaut
6144;Hainaut
6145;Hainaut
6146;Hainaut
6147;Hainaut
6148;Hainaut
6149;Hainaut
6150;Hainaut
6151;Hainaut
6152;Hainaut
6153;Hainaut
6154;Hainaut
6155;Hainaut
6156;Hainaut
6157;Hainaut
6158;Hainaut
6159;Hainaut
6160;Hainaut
6161;Hainaut
6162;Hainaut
6163;Hainaut
6164;Hainaut
6165;Hainaut
6166;Hainaut
6167;Hainaut
6168;Hainaut
6169;Hainaut
6170;Hainaut
6171;Hainaut
6172;Hainaut
6173;Hainaut
6174;Hainaut
6175;Hainaut
6176;Hainaut
6177;Hainaut
6178;Hainaut
6179;Hainaut
6180;Hainaut
6181;Hainaut
6182;Hainaut
6183;Hainaut
6184;Hainaut
6185;Hainaut
6186;Hainaut
6187;Hainaut
6188;Hainaut
6189;Hainaut
6190;Hainaut
6191;Hainaut
6192;Hainaut
6193;Hainaut
6194;Hainaut
6195;Hainaut
6196;Hainaut
6197;Hainaut
6198;Hainaut
6199;Hainaut
6200;Hainaut
6201;Hainaut
6202;Hainaut
6203;Hainaut
6204;Hainaut
6205;Hainaut
6206;Hainaut
6207;Hainaut
6208;Hainaut
6209;Hainaut
6210;Hainaut
6211;Hainaut
6212;Hainaut
6213;Hainaut
6214;Hainaut
6215;Hainaut
6216;Hainaut
6217;Hainaut
6218;Hainaut
6219;Hainaut
6220;Hainaut
6221;Hainaut
6222;Hainaut
6223;Hainaut
6224;Hainaut
6225;Hainaut
6226;Hainaut
6227;Hainaut
6228;Hainaut
6229;Hainaut
6230;Hainaut
6231;Hainaut
6232;Hainaut
6233;Hainaut
6234;Hainaut
6235;Hainaut
6236;Hainaut
6237;Hainaut
6238;Hainaut
6239;Hainaut
6240;Hainaut
6241;Hainaut
6242;Hainaut
6243;Hainaut
6244;Hainaut
6245;Hainaut
6246;Hainaut
6247;Hainaut
6248;Hainaut
6249;Hainaut
6250;Hainaut
6251;Hainaut
6252;Hainaut
6253;Hainaut
6254;Hainaut
6255;Hainaut
6256;Hainaut
6257;Hainaut
6258;Hainaut
6259;Hainaut
6260;Hainaut
6261;Hainaut
6262;Hainaut
6263;Hainaut
6264;Hainaut
6265;Hainaut
6266;Hainaut
6267;Hainaut
6268;Hainaut
6269;Hainaut
6270;Hainaut
6271;Hainaut
6272;Hainaut
6273;Hainaut
6274;Hainaut
6275;Hainaut
6276;Hainaut
6277;Hainaut
6278;Hainaut
6279;Hainaut
6280;Hainaut
6281;Hainaut
6282;Hainaut
6283;Hainaut
6284;Hainaut
6285;Hainaut
6286;Hainaut
6287;Hainaut
6288;Hainaut
6289;Hainaut
6290;Hainaut
6291;Hainaut
6292;Hainaut
6293;Hainaut
6294;Hainaut
6295;Hainaut
6296;Hainaut
6297;Hainaut
6298;Hainaut
6299;Hainaut
6300;Hainaut
6301;Hainaut
6302;Hainaut
6303;Hainaut
6304;Hainaut
6305;Hainaut
6306;Hainaut
6307;Hainaut
6308;Hainaut
6309;Hainaut
6310;Hainaut
6311;Hainaut
6312;Hainaut
6313;Hainaut
6314;Hainaut
6315;Hainaut
6316;Hainaut
6317;Hainaut
6318;Hainaut
6319;Hainaut
6320;Hainaut
6321;Hainaut
6322;Hainaut
6323;Hainaut
6324;Hainaut
6325;Hainaut
6326;Hainaut
6327;Hainaut
6328;Hainaut
6329;Hainaut
6330;Hainaut
6331;Hainaut
6332;Hainaut
6333;Hainaut
6334;Hainaut
6335;Hainaut
6336;Hainaut
6337;Hainaut
6338;Hainaut
6339;Hainaut
6340;Hainaut
6341;Hainaut
6342;Hainaut
6343;Hainaut
6344;Hainaut
6345;Hainaut
6346;Hainaut
6347;Hainaut
6348;Hainaut
6349;Hainaut
6350;Hainaut
6351;Hainaut
6352;Hainaut
6353;Hainaut
6354;Hainaut
6355;Hainaut
6356;Hainaut
6357;Hainaut
6358;Hainaut
6359;Hainaut
6360;Hainaut
6361;Hainaut
6362;Hainaut
6363;Hainaut
6364;Hainaut
6365;Hainaut
6366;Hainaut
6367;Hainaut
6368;Hainaut
6369;Hainaut
6370;Hainaut
6371;Hainaut
6372;Hainaut
6373;Hainaut
6374;Hainaut
6375;Hainaut
6376;Hainaut
6377;Hainaut
6378;Hainaut
6379;Hainaut
6380;Hainaut
6381;Hainaut
6382;Hainaut
6383;Hainaut
6384;Hainaut
6385;Hainaut
6386;Hainaut
6387;Hainaut
6388;Hainaut
6389;Hainaut
6390;Hainaut
6391;Hainaut
6392;Hainaut
6393;Hainaut
6394;Hainaut
6395;Hainaut
6396;Hainaut
6397;Hainaut
6398;Hainaut
6399;Hainaut
6400;Hainaut
6401;Hainaut
6402;Hainaut
6403;Hainaut
6404;Hainaut
6405;Hainaut
6406;Hainaut
6407;Hainaut
6408;Hainaut
6409;Hainaut
6410;Hainaut
6411;Hainaut
6412;Hainaut
6413;Hainaut
6414;Hainaut
6415;Hainaut
6416;Hainaut
6417;Hainaut
6418;Hainaut
6419;Hainaut
6420;Hainaut
6421;Hainaut
6422;Hainaut
6423;Hainaut
6424;Hainaut
6425;Hainaut
6426;Hainaut
6427;Hainaut
6428;Hainaut
6429;Hainaut
6430;Hainaut
6431;Hainaut
6432;Hainaut
6433;Hainaut
6434;Hainaut
6435;Hainaut
6436;Hainaut
6437;Hainaut
6438;Hainaut
6439;Hainaut
6440;Hainaut
6441;Hainaut
6442;Hainaut
6443;Hainaut
6444;Hainaut
6445;Hainaut
6446;Hainaut
6447;Hainaut
6448;Hainaut
6449;Hainaut
6450;Hainaut
6451;Hainaut
6452;Hainaut
6453;Hainaut
6454;Hainaut
6455;Hainaut
6456;Hainaut
6457;Hainaut
6458;Hainaut
6459;Hainaut
6460;Hainaut
6461;Hainaut
6462;Hainaut
6463;Hainaut
6464;Hainaut
6465;Hainaut
6466;Hainaut
6467;Hainaut
6468;Hainaut
6469;Hainaut
6470;Hainaut
6471;Hainaut
6472;Hainaut
6473;Hainaut
6474;Hainaut
6475;Hainaut
6476;Hainaut
6477;Hainaut
6478;Hainaut
6479;Hainaut
6480;Hainaut
6481;Hainaut
6482;Hainaut
6483;Hainaut
6484;Hainaut
6485;Hainaut
6486;Hainaut
6487;Hainaut
6488;Hainaut
6489;Hainaut
6490;Hainaut
6491;Hainaut
6492;Hainaut
6493;Hainaut
6494;Hainaut
6495;Hainaut
6496;Hainaut
6497;Hainaut
6498;Hainaut
6499;Hainaut
6500;Hainaut
6501;Hainaut
6502;Hainaut
6503;Hainaut
6504;Hainaut
6505;Hainaut
6506;Hainaut
6507;Hainaut
6508;Hainaut
6509;Hainaut
6510;Hainaut
6511;Hainaut
6512;Hainaut
6513;Hainaut
6514;Hainaut
6515;Hainaut
6516;Hainaut
6517;Hainaut
6518;Hainaut
6519;Hainaut
6520;Hainaut
6521;Hainaut
6522;Hainaut
6523;Hainaut
6524;Hainaut
6525;Hainaut
6526;Hainaut
6527;Hainaut
6528;Hainaut
6529;Hainaut
6530;Hainaut
6531;Hainaut
6532;Hainaut
6533;Hainaut
6534;Hainaut
6535;Hainaut
6536;Hainaut
6537;Hainaut
6538;Hainaut
6539;Hainaut
6540;Hainaut
6541;Hainaut
6542;Hainaut
6543;Hainaut
6544;Hainaut
6545;Hainaut
6546;Hainaut
6547;Hainaut
6548;Hainaut
6549;Hainaut
6550;Hainaut
6551;Hainaut
6552;Hainaut
6553;Hainaut
6554;Hainaut
6555;Hainaut
6556;Hainaut
6557;Hainaut
6558;Hainaut
6559;Hainaut
6560;Hainaut
6561;Hainaut
6562;Hainaut
6563;Hainaut
6564;Hainaut
6565;Hainaut
6566;Hainaut
6567;Hainaut
6568;Hainaut
6569;Hainaut
6570;Hainaut
6571;Hainaut
6572;Hainaut
6573;Hainaut
6574;Hainaut
6575;Hainaut
6576;Hainaut
6577;Hainaut
6578;Hainaut
6579;Hainaut
6580;Hainaut
6581;Hainaut
6582;Hainaut
6583;Hainaut
6584;Hainaut
6585;Hainaut
6586;Hainaut
6587;Hainaut
6588;Hainaut
6589;Hainaut
6590;Hainaut
6591;Hainaut
6592;Hainaut
6593;Hainaut
6594;Hainaut
6595;Hainaut
6596;Hainaut
6597;Hainaut
6598;Hainaut
6599;Hainaut
6600;Luxembourg
6601;Luxembourg
6602;Luxembourg
6603;Luxembourg
6604;Luxembourg
6605;Luxembourg
6606;Luxembourg
6607;Luxembourg
6608;Luxembourg
6609;Luxembourg
6610;Luxembourg
6611;Luxembourg
6612;Luxembourg
6613;Luxembourg
6614;Luxembourg
6615;Luxembourg
6616;Luxembourg
6617;Luxembourg
6618;Luxembourg
6619;Luxembourg
6620;Luxembourg
6621;Luxembourg
6622;Luxembourg
6623;Luxembourg
6624;Luxembourg
6625;Luxembourg
6626;Luxembourg
6627;Luxembourg
6628;Luxembourg
6629;Luxembourg
6630;Luxembourg
6631;Luxembourg
6632;Luxembourg
6633;Luxembourg
6634;Luxembourg
6635;Luxembourg
6636;Luxembourg
6637;Luxembourg
6638;Luxembourg
6639;Luxembourg
6640;Luxembourg
6641;Luxembourg
6642;Luxembourg
6643;Luxembourg
6644;Luxembourg
6645;Luxembourg
6646;Luxembourg
6647;Luxembourg
6648;Luxembourg
6649;Luxembourg
6650;Luxembourg
6651;Luxembourg
6652;Luxembourg
6653;Luxembourg
6654;Luxembourg
6655;Luxembourg
6656;Luxembourg
6657;Luxembourg
6658;Luxembourg
6659;Luxembourg
6660;Luxembourg
6661;Luxembourg
6662;Luxembourg
6663;Luxembourg
6664;Luxembourg
6665;Luxembourg
6666;Luxembourg
6667;Luxembourg
6668;Luxembourg
6669;Luxembourg
6670;Luxembourg
6671;Luxembourg
6672;Luxembourg
6673;Luxembourg
6674;Luxembourg
6675;Luxembourg
6676;Luxembourg
6677;Luxembourg
6678;Luxembourg
6679;Luxembourg
6680;Luxembourg
6681;Luxembourg
6682;Luxembourg
6683;Luxembourg
6684;Luxembourg
6685;Luxembourg
6686;Luxembourg
6687;Luxembourg
6688;Luxembourg
6689;Luxembourg
6690;Luxembourg
6691;Luxembourg
6692;Luxembourg
6693;Luxembourg
6694;Luxembourg
6695;Luxembourg
6696;Luxembourg
6697;Luxembourg
6698;Luxembourg
6699;Luxembourg
6700;Luxembourg
6701;Luxembourg
6702;Luxembourg
6703;Luxembourg
6704;Luxembourg
6705;Luxembourg
6706;Luxembourg
6707;Luxembourg
6708;Luxembourg
6709;Luxembourg
6710;Luxembourg
6711;Luxembourg
6712;Luxembourg
6713;Luxembourg
6714;Luxembourg
6715;Luxembourg
6716;Luxembourg
6717;Luxembourg
6718;Luxembourg
6719;Luxembourg
6720;Luxembourg
6721;Luxembourg
6722;Luxembourg
6723;Luxembourg
6724;Luxembourg
6725;Luxembourg
6726;Luxembourg
6727;Luxembourg
6728;Luxembourg
6729;Luxembourg
6730;Luxembourg
6731;Luxembourg
6732;Luxembourg
6733;Luxembourg
6734;Luxembourg
6735;Luxembourg
6736;Luxembourg
6737;Luxembourg
6738;Luxembourg
6739;Luxembourg
6740;Luxembourg
6741;Luxembourg
6742;Luxembourg
6743;Luxembourg
6744;Luxembourg
6745;Luxembourg
6746;Luxembourg
6747;Luxembourg
6748;Luxembourg
6749;Luxembourg
6750;Luxembourg
6751;Luxembourg
6752;Luxembourg
6753;Luxembourg
6754;Luxembourg
6755;Luxembourg
6756;Luxembourg
6757;Luxembourg
6758;Luxembourg
6759;Luxembourg
6760;Luxembourg
6761;Luxembourg
6762;Luxembourg
6763;Luxembourg
6764;Luxembourg
6765;Luxembourg
6766;Luxembourg
6767;Luxembourg
6768;Luxembourg
6769;Luxembourg
6770;Luxembourg
6771;Luxembourg
6772;Luxembourg
6773;Luxembourg
6774;Luxembourg
6775;Luxembourg
6776;Luxembourg
6777;Luxembourg
6778;Luxembourg
6779;Luxembourg
6780;Luxembourg
6781;Luxembourg
6782;Luxembourg
6783;Luxembourg
6784;Luxembourg
6785;Luxembourg
6786;Luxembourg
6787;Luxembourg
6788;Luxembourg
6789;Luxembourg
6790;Luxembourg
6791;Luxembourg
6792;Luxembourg
6793;Luxembourg
6794;Luxembourg
6795;Luxembourg
6796;Luxembourg
6797;Luxembourg
6798;Luxembourg
6799;Luxembourg
6800;Luxembourg
6801;Luxembourg
6802;Luxembourg
6803;Luxembourg
6804;Luxembourg
6805;Luxembourg
6806;Luxembourg
6807;Luxembourg
6808;Luxembourg
6809;Luxembourg
6810;Luxembourg
6811;Luxembourg
6812;Luxembourg
6813;Luxembourg
6814;Luxembourg
6815;Luxembourg
6816;Luxembourg
6817;Luxembourg
6818;Luxembourg
6819;Luxembourg
6820;Luxembourg
6821;Luxembourg
6822;Luxembourg
6823;Luxembourg
6824;Luxembourg
6825;Luxembourg
6826;Luxembourg
6827;Luxembourg
6828;Luxembourg
6829;Luxembourg
6830;Luxembourg
6831;Luxembourg
6832;Luxembourg
6833;Luxembourg
6834;Luxembourg
6835;Luxembourg
6836;Luxembourg
6837;Luxembourg
6838;Luxembourg
6839;Luxembourg
6840;Luxembourg
6841;Luxembourg
6842;Luxembourg
6843;Luxembourg
6844;Luxembourg
6845;Luxembourg
6846;Luxembourg
6847;Luxembourg
6848;Luxembourg
6849;Luxembourg
6850;Luxembourg
6851;Luxembourg
6852;Luxembourg
6853;Luxembourg
6854;Luxembourg
6855;Luxembourg
6856;Luxembourg
6857;Luxembourg
6858;Luxembourg
6859;Luxembourg
6860;Luxembourg
6861;Luxembourg
6862;Luxembourg
6863;Luxembourg
6864;Luxembourg
6865;Luxembourg
6866;Luxembourg
6867;Luxembourg
6868;Luxembourg
6869;Luxembourg
6870;Luxembourg
6871;Luxembourg
6872;Luxembourg
6873;Luxembourg
6874;Luxembourg
6875;Luxembourg
6876;Luxembourg
6877;Luxembourg
6878;Luxembourg
6879;Luxembourg
6880;Luxembourg
6881;Luxembourg
6882;Luxembourg
6883;Luxembourg
6884;Luxembourg
6885;Luxembourg
6886;Luxembourg
6887;Luxembourg
6888;Luxembourg
6889;Luxembourg
6890;Luxembourg
6891;Luxembourg
6892;Luxembourg
6893;Luxembourg
6894;Luxembourg
6895;Luxembourg
6896;Luxembourg
6897;Luxembourg
6898;Luxembourg
6899;Luxembourg
6900;Luxembourg
6901;Luxembourg
6902;Luxembourg
6903;Luxembourg
6904;Luxembourg
6905;Luxembourg
6906;Luxembourg
6907;Luxembourg
6908;Luxembourg
6909;Luxembourg
6910;Luxembourg
6911;Luxembourg
6912;Luxembourg
6913;Luxembourg
6914;Luxembourg
6915;Luxembourg
6916;Luxembourg
6917;Luxembourg
6918;Luxembourg
6919;Luxembourg
6920;Luxembourg
6921;Luxembourg
6922;Luxembourg
6923;Luxembourg
6924;Luxembourg
6925;Luxembourg
6926;Luxembourg
6927;Luxembourg
6928;Luxembourg
6929;Luxembourg
6930;Luxembourg
6931;Luxembourg
6932;Luxembourg
6933;Luxembourg
6934;Luxembourg
6935;Luxembourg
6936;Luxembourg
6937;Luxembourg
6938;Luxembourg
6939;Luxembourg
6940;Luxembourg
6941;Luxembourg
6942;Luxembourg
6943;Luxembourg
6944;Luxembourg
6945;Luxembourg
6946;Luxembourg
6947;Luxembourg
6948;Luxembourg
6949;Luxembourg
6950;Luxembourg
6951;Luxembourg
6952;Luxembourg
6953;Luxembourg
6954;Luxembourg
6955;Luxembourg
6956;Luxembourg
6957;Luxembourg
6958;Luxembourg
6959;Luxembourg
6960;Luxembourg
6961;Luxembourg
6962;Luxembourg
6963;Luxembourg
6964;Luxembourg
6965;Luxembourg
6966;Luxembourg
6967;Luxembourg
6968;Luxembourg
6969;Luxembourg
6970;Luxembourg
6971;Luxembourg
6972;Luxembourg
6973;Luxembourg
6974;Luxembourg
6975;Luxembourg
6976;Luxembourg
6977;Luxembourg
6978;Luxembourg
6979;Luxembourg
6980;Luxembourg
6981;Luxembourg
6982;Luxembourg
6983;Luxembourg
6984;Luxembourg
6985;Luxembourg
6986;Luxembourg
6987;Luxembourg
6988;Luxembourg
6989;Luxembourg
6990;Luxembourg
6991;Luxembourg
6992;Luxembourg
6993;Luxembourg
6994;Luxembourg
6995;Luxembourg
6996;Luxembourg
6997;Luxembourg
6998;Luxembourg
6999;Luxembourg
7000;Hainaut
7001;Hainaut
7002;Hainaut
7003;Hainaut
7004;Hainaut
7005;Hainaut
7006;Hainaut
7007;Hainaut
7008;Hainaut
7009;Hainaut
7010;Hainaut
7011;Hainaut
7012;Hainaut
7013;Hainaut
7014;Hainaut
7015;Hainaut
7016;Hainaut
7017;Hainaut
7018;Hainaut
7019;Hainaut
7020;Hainaut
7021;Hainaut
7022;Hainaut
7023;Hainaut
7024;Hainaut
7025;Hainaut
7026;Hainaut
7027;Hainaut
7028;Hainaut
7029;Hainaut
7030;Hainaut
7031;Hainaut
7032;Hainaut
7033;Hainaut
7034;Hainaut
7035;Hainaut
7036;Hainaut
7037;Hainaut
7038;Hainaut
7039;Hainaut
7040;Hainaut
7041;Hainaut
7042;Hainaut
7043;Hainaut
7044;Hainaut
7045;Hainaut
7046;Hainaut
7047;Hainaut
7048;Hainaut
7049;Hainaut
7050;Hainaut
7051;Hainaut
7052;Hainaut
7053;Hainaut
7054;Hainaut
7055;Hainaut
7056;Hainaut
7057;Hainaut
7058;Hainaut
7059;Hainaut
7060;Hainaut
7061;Hainaut
7062;Hainaut
7063;Hainaut
7064;Hainaut
7065;Hainaut
7066;Hainaut
7067;Hainaut
7068;Hainaut
7069;Hainaut
7070;Hainaut
7071;Hainaut
7072;Hainaut
7073;Hainaut
7074;Hainaut
7075;Hainaut
7076;Hainaut
7077;Hainaut
7078;Hainaut
7079;Hainaut
7080;Hainaut
7081;Hainaut
7082;Hainaut
7083;Hainaut
7084;Hainaut
7085;Hainaut
7086;Hainaut
7087;Hainaut
7088;Hainaut
7089;Hainaut
7090;Hainaut
7091;Hainaut
7092;Hainaut
7093;Hainaut
7094;Hainaut
7095;Hainaut
7096;Hainaut
7097;Hainaut
7098;Hainaut
7099;Hainaut
7100;Hainaut
7101;Hainaut
7102;Hainaut
7103;Hainaut
7104;Hainaut
7105;Hainaut
7106;Hainaut
7107;Hainaut
7108;Hainaut
7109;Hainaut
7110;Hainaut
7111;Hainaut
7112;Hainaut
7113;Hainaut
7114;Hainaut
7115;Hainaut
7116;Hainaut
7117;Hainaut
7118;Hainaut
7119;Hainaut
7120;Hainaut
7121;Hainaut
7122;Hainaut
7123;Hainaut
7124;Hainaut
7125;Hainaut
7126;Hainaut
7127;Hainaut
7128;Hainaut
7129;Hainaut
7130;Hainaut
7131;Hainaut
7132;Hainaut
7133;Hainaut
7134;Hainaut
7135;Hainaut
7136;Hainaut
7137;Hainaut
7138;Hainaut
7139;Hainaut
7140;Hainaut
7141;Hainaut
7142;Hainaut
7143;Hainaut
7144;Hainaut
7145;Hainaut
7146;Hainaut
7147;Hainaut
7148;Hainaut
7149;Hainaut
7150;Hainaut
7151;Hainaut
7152;Hainaut
7153;Hainaut
7154;Hainaut
7155;Hainaut
7156;Hainaut
7157;Hainaut
7158;Hainaut
7159;Hainaut
7160;Hainaut
7161;Hainaut
7162;Hainaut
7163;Hainaut
7164;Hainaut
7165;Hainaut
7166;Hainaut
7167;Hainaut
7168;Hainaut
7169;Hainaut
7170;Hainaut
7171;Hainaut
7172;Hainaut
7173;Hainaut
7174;Hainaut
7175;Hainaut
7176;Hainaut
7177;Hainaut
7178;Hainaut
7179;Hainaut
7180;Hainaut
7181;Hainaut
7182;Hainaut
7183;Hainaut
7184;Hainaut
7185;Hainaut
7186;Hainaut
7187;Hainaut
7188;Hainaut
7189;Hainaut
7190;Hainaut
7191;Hainaut
7192;Hainaut
7193;Hainaut
7194;Hainaut
7195;Hainaut
7196;Hainaut
7197;Hainaut
7198;Hainaut
7199;Hainaut
7200;Hainaut
7201;Hainaut
7202;Hainaut
7203;Hainaut
7204;Hainaut
7205;Hainaut
7206;Hainaut
7207;Hainaut
7208;Hainaut
7209;Hainaut
7210;Hainaut
7211;Hainaut
7212;Hainaut
7213;Hainaut
7214;Hainaut
7215;Hainaut
7216;Hainaut
7217;Hainaut
7218;Hainaut
7219;Hainaut
7220;Hainaut
7221;Hainaut
7222;Hainaut
7223;Hainaut
7224;Hainaut
7225;Hainaut
7226;Hainaut
7227;Hainaut
7228;Hainaut
7229;Hainaut
7230;Hainaut
7231;Hainaut
7232;Hainaut
7233;Hainaut
7234;Hainaut
7235;Hainaut
7236;Hainaut
7237;Hainaut
7238;Hainaut
7239;Hainaut
7240;Hainaut
7241;Hainaut
7242;Hainaut
7243;Hainaut
7244;Hainaut
7245;Hainaut
7246;Hainaut
7247;Hainaut
7248;Hainaut
7249;Hainaut
7250;Hainaut
7251;Hainaut
7252;Hainaut
7253;Hainaut
7254;Hainaut
7255;Hainaut
7256;Hainaut
7257;Hainaut
7258;Hainaut
7259;Hainaut
7260;Hainaut
7261;Hainaut
7262;Hainaut
7263;Hainaut
7264;Hainaut
7265;Hainaut
7266;Hainaut
7267;Hainaut
7268;Hainaut
7269;Hainaut
7270;Hainaut
7271;Hainaut
7272;Hainaut
7273;Hainaut
7274;Hainaut
7275;Hainaut
7276;Hainaut
7277;Hainaut
7278;Hainaut
7279;Hainaut
7280;Hainaut
7281;Hainaut
7282;Hainaut
7283;Hainaut
7284;Hainaut
7285;Hainaut
7286;Hainaut
7287;Hainaut
7288;Hainaut
7289;Hainaut
7290;Hainaut
7291;Hainaut
7292;Hainaut
7293;Hainaut
7294;Hainaut
7295;Hainaut
7296;Hainaut
7297;Hainaut
7298;Hainaut
7299;Hainaut
7300;Hainaut
7301;Hainaut
7302;Hainaut
7303;Hainaut
7304;Hainaut
7305;Hainaut
7306;Hainaut
7307;Hainaut
7308;Hainaut
7309;Hainaut
7310;Hainaut
7311;Hainaut
7312;Hainaut
7313;Hainaut
7314;Hainaut
7315;Hainaut
7316;Hainaut
7317;Hainaut
7318;Hainaut
7319;Hainaut
7320;Hainaut
7321;Hainaut
7322;Hainaut
7323;Hainaut
7324;Hainaut
7325;Hainaut
7326;Hainaut
7327;Hainaut
7328;Hainaut
7329;Hainaut
7330;Hainaut
7331;Hainaut
7332;Hainaut
7333;Hainaut
7334;Hainaut
7335;Hainaut
7336;Hainaut
7337;Hainaut
7338;Hainaut
7339;Hainaut
7340;Hainaut
7341;Hainaut
7342;Hainaut
7343;Hainaut
7344;Hainaut
7345;Hainaut
7346;Hainaut
7347;Hainaut
7348;Hainaut
7349;Hainaut
7350;Hainaut
7351;Hainaut
7352;Hainaut
7353;Hainaut
7354;Hainaut
7355;Hainaut
7356;Hainaut
7357;Hainaut
7358;Hainaut
7359;Hainaut
7360;Hainaut
7361;Hainaut
7362;Hainaut
7363;Hainaut
7364;Hainaut
7365;Hainaut
7366;Hainaut
7367;Hainaut
7368;Hainaut
7369;Hainaut
7370;Hainaut
7371;Hainaut
7372;Hainaut
7373;Hainaut
7374;Hainaut
7375;Hainaut
7376;Hainaut
7377;Hainaut
7378;Hainaut
7379;Hainaut
7380;Hainaut
7381;Hainaut
7382;Hainaut
7383;Hainaut
7384;Hainaut
7385;Hainaut
7386;Hainaut
7387;Hainaut
7388;Hainaut
7389;Hainaut
7390;Hainaut
7391;Hainaut
7392;Hainaut
7393;Hainaut
7394;Hainaut
7395;Hainaut
7396;Hainaut
7397;Hainaut
7398;Hainaut
7399;Hainaut
7400;Hainaut
7401;Hainaut
7402;Hainaut
7403;Hainaut
7404;Hainaut
7405;Hainaut
7406;Hainaut
7407;Hainaut
7408;Hainaut
7409;Hainaut
7410;Hainaut
7411;Hainaut
7412;Hainaut
7413;Hainaut
7414;Hainaut
7415;Hainaut
7416;Hainaut
7417;Hainaut
7418;Hainaut
7419;Hainaut
7420;Hainaut
7421;Hainaut
7422;Hainaut
7423;Hainaut
7424;Hainaut
7425;Hainaut
7426;Hainaut
7427;Hainaut
7428;Hainaut
7429;Hainaut
7430;Hainaut
7431;Hainaut
7432;Hainaut
7433;Hainaut
7434;Hainaut
7435;Hainaut
7436;Hainaut
7437;Hainaut
7438;Hainaut
7439;Hainaut
7440;Hainaut
7441;Hainaut
7442;Hainaut
7443;Hainaut
7444;Hainaut
7445;Hainaut
7446;Hainaut
7447;Hainaut
7448;Hainaut
7449;Hainaut
7450;Hainaut
7451;Hainaut
7452;Hainaut
7453;Hainaut
7454;Hainaut
7455;Hainaut
7456;Hainaut
7457;Hainaut
7458;Hainaut
7459;Hainaut
7460;Hainaut
7461;Hainaut
7462;Hainaut
7463;Hainaut
7464;Hainaut
7465;Hainaut
7466;Hainaut
7467;Hainaut
7468;Hainaut
7469;Hainaut
7470;Hainaut
7471;Hainaut
7472;Hainaut
7473;Hainaut
7474;Hainaut
7475;Hainaut
7476;Hainaut
7477;Hainaut
7478;Hainaut
7479;Hainaut
7480;Hainaut
7481;Hainaut
7482;Hainaut
7483;Hainaut
7484;Hainaut
7485;Hainaut
7486;Hainaut
7487;Hainaut
7488;Hainaut
7489;Hainaut
7490;Hainaut
7491;Hainaut
7492;Hainaut
7493;Hainaut
7494;Hainaut
7495;Hainaut
7496;Hainaut
7497;Hainaut
7498;Hainaut
7499;Hainaut
7500;Hainaut
7501;Hainaut
7502;Hainaut
7503;Hainaut
7504;Hainaut
7505;Hainaut
7506;Hainaut
7507;Hainaut
7508;Hainaut
7509;Hainaut
7510;Hainaut
7511;Hainaut
7512;Hainaut
7513;Hainaut
7514;Hainaut
7515;Hainaut
7516;Hainaut
7517;Hainaut
7518;Hainaut
7519;Hainaut
7520;Hainaut
7521;Hainaut
7522;Hainaut
7523;Hainaut
7524;Hainaut
7525;Hainaut
7526;Hainaut
7527;Hainaut
7528;Hainaut
7529;Hainaut
7530;Hainaut
7531;Hainaut
7532;Hainaut
7533;Hainaut
7534;Hainaut
7535;Hainaut
7536;Hainaut
7537;Hainaut
7538;Hainaut
7539;Hainaut
7540;Hainaut
7541;Hainaut
7542;Hainaut
7543;Hainaut
7544;Hainaut
7545;Hainaut
7546;Hainaut
7547;Hainaut
7548;Hainaut
7549;Hainaut
7550;Hainaut
7551;Hainaut
7552;Hainaut
7553;Hainaut
7554;Hainaut
7555;Hainaut
7556;Hainaut
7557;Hainaut
7558;Hainaut
7559;Hainaut
7560;Hainaut
7561;Hainaut
7562;Hainaut
7563;Hainaut
7564;Hainaut
7565;Hainaut
7566;Hainaut
7567;Hainaut
7568;Hainaut
7569;Hainaut
7570;Hainaut
7571;Hainaut
7572;Hainaut
7573;Hainaut
7574;Hainaut
7575;Hainaut
7576;Hainaut
7577;Hainaut
7578;Hainaut
7579;Hainaut
7580;Hainaut
7581;Hainaut
7582;Hainaut
7583;Hainaut
7584;Hainaut
7585;Hainaut
7586;Hainaut
7587;Hainaut
7588;Hainaut
7589;Hainaut
7590;Hainaut
7591;Hainaut
7592;Hainaut
7593;Hainaut
7594;Hainaut
7595;Hainaut
7596;Hainaut
7597;Hainaut
7598;Hainaut
7599;Hainaut
7600;Hainaut
7601;Hainaut
7602;Hainaut
7603;Hainaut
7604;Hainaut
7605;Hainaut
7606;Hainaut
7607;Hainaut
7608;Hainaut
7609;Hainaut
7610;Hainaut
7611;Hainaut
7612;Hainaut
7613;Hainaut
7614;Hainaut
7615;Hainaut
7616;Hainaut
7617;Hainaut
7618;Hainaut
7619;Hainaut
7620;Hainaut
7621;Hainaut
7622;Hainaut
7623;Hainaut
7624;Hainaut
7625;Hainaut
7626;Hainaut
7627;Hainaut
7628;Hainaut
7629;Hainaut
7630;Hainaut
7631;Hainaut
7632;Hainaut
7633;Hainaut
7634;Hainaut
7635;Hainaut
7636;Hainaut
7637;Hainaut
7638;Hainaut
7639;Hainaut
7640;Hainaut
7641;Hainaut
7642;Hainaut
7643;Hainaut
7644;Hainaut
7645;Hainaut
7646;Hainaut
7647;Hainaut
7648;Hainaut
7649;Hainaut
7650;Hainaut
7651;Hainaut
7652;Hainaut
7653;Hainaut
7654;Hainaut
7655;Hainaut
7656;Hainaut
7657;Hainaut
7658;Hainaut
7659;Hainaut
7660;Hainaut
7661;Hainaut
7662;Hainaut
7663;Hainaut
7664;Hainaut
7665;Hainaut
7666;Hainaut
7667;Hainaut
7668;Hainaut
7669;Hainaut
7670;Hainaut
7671;Hainaut
7672;Hainaut
7673;Hainaut
7674;Hainaut
7675;Hainaut
7676;Hainaut
7677;Hainaut
7678;Hainaut
7679;Hainaut
7680;Hainaut
7681;Hainaut
7682;Hainaut
7683;Hainaut
7684;Hainaut
7685;Hainaut
7686;Hainaut
7687;Hainaut
7688;Hainaut
7689;Hainaut
7690;Hainaut
7691;Hainaut
7692;Hainaut
7693;Hainaut
7694;Hainaut
7695;Hainaut
7696;Hainaut
7697;Hainaut
7698;Hainaut
7699;Hainaut
7700;Hainaut
7701;Hainaut
7702;Hainaut
7703;Hainaut
7704;Hainaut
7705;Hainaut
7706;Hainaut
7707;Hainaut
7708;Hainaut
7709;Hainaut
7710;Hainaut
7711;Hainaut
7712;Hainaut
7713;Hainaut
7714;Hainaut
7715;Hainaut
7716;Hainaut
7717;Hainaut
7718;Hainaut
7719;Hainaut
7720;Hainaut
7721;Hainaut
7722;Hainaut
7723;Hainaut
7724;Hainaut
7725;Hainaut
7726;Hainaut
7727;Hainaut
7728;Hainaut
7729;Hainaut
7730;Hainaut
7731;Hainaut
7732;Hainaut
7733;Hainaut
7734;Hainaut
7735;Hainaut
7736;Hainaut
7737;Hainaut
7738;Hainaut
7739;Hainaut
7740;Hainaut
7741;Hainaut
7742;Hainaut
7743;Hainaut
7744;Hainaut
7745;Hainaut
7746;Hainaut
7747;Hainaut
7748;Hainaut
7749;Hainaut
7750;Hainaut
7751;Hainaut
7752;Hainaut
7753;Hainaut
7754;Hainaut
7755;Hainaut
7756;Hainaut
7757;Hainaut
7758;Hainaut
7759;Hainaut
7760;Hainaut
7761;Hainaut
7762;Hainaut
7763;Hainaut
7764;Hainaut
7765;Hainaut
7766;Hainaut
7767;Hainaut
7768;Hainaut
7769;Hainaut
7770;Hainaut
7771;Hainaut
7772;Hainaut
7773;Hainaut
7774;Hainaut
7775;Hainaut
7776;Hainaut
7777;Hainaut
7778;Hainaut
7779;Hainaut
7780;Hainaut
7781;Hainaut
7782;Hainaut
7783;Hainaut
7784;Hainaut
7785;Hainaut
7786;Hainaut
7787;Hainaut
7788;Hainaut
7789;Hainaut
7790;Hainaut
7791;Hainaut
7792;Hainaut
7793;Hainaut
7794;Hainaut
7795;Hainaut
7796;Hainaut
7797;Hainaut
7798;Hainaut
7799;Hainaut
7800;Hainaut
7801;Hainaut
7802;Hainaut
7803;Hainaut
7804;Hainaut
7805;Hainaut
7806;Hainaut
7807;Hainaut
7808;Hainaut
7809;Hainaut
7810;Hainaut
7811;Hainaut
7812;Hainaut
7813;Hainaut
7814;Hainaut
7815;Hainaut
7816;Hainaut
7817;Hainaut
7818;Hainaut
7819;Hainaut
7820;Hainaut
7821;Hainaut
7822;Hainaut
7823;Hainaut
7824;Hainaut
7825;Hainaut
7826;Hainaut
7827;Hainaut
7828;Hainaut
7829;Hainaut
7830;Hainaut
7831;Hainaut
7832;Hainaut
7833;Hainaut
7834;Hainaut
7835;Hainaut
7836;Hainaut
7837;Hainaut
7838;Hainaut
7839;Hainaut
7840;Hainaut
7841;Hainaut
7842;Hainaut
7843;Hainaut
7844;Hainaut
7845;Hainaut
7846;Hainaut
7847;Hainaut
7848;Hainaut
7849;Hainaut
7850;Hainaut
7851;Hainaut
7852;Hainaut
7853;Hainaut
7854;Hainaut
7855;Hainaut
7856;Hainaut
7857;Hainaut
7858;Hainaut
7859;Hainaut
7860;Hainaut
7861;Hainaut
7862;Hainaut
7863;Hainaut
7864;Hainaut
7865;Hainaut
7866;Hainaut
7867;Hainaut
7868;Hainaut
7869;Hainaut
7870;Hainaut
7871;Hainaut
7872;Hainaut
7873;Hainaut
7874;Hainaut
7875;Hainaut
7876;Hainaut
7877;Hainaut
7878;Hainaut
7879;Hainaut
7880;Hainaut
7881;Hainaut
7882;Hainaut
7883;Hainaut
7884;Hainaut
7885;Hainaut
7886;Hainaut
7887;Hainaut
7888;Hainaut
7889;Hainaut
7890;Hainaut
7891;Hainaut
7892;Hainaut
7893;Hainaut
7894;Hainaut
7895;Hainaut
7896;Hainaut
7897;Hainaut
7898;Hainaut
7899;Hainaut
7900;Hainaut
7901;Hainaut
7902;Hainaut
7903;Hainaut
7904;Hainaut
7905;Hainaut
7906;Hainaut
7907;Hainaut
7908;Hainaut
7909;Hainaut
7910;Hainaut
7911;Hainaut
7912;Hainaut
7913;Hainaut
7914;Hainaut
7915;Hainaut
7916;Hainaut
7917;Hainaut
7918;Hainaut
7919;Hainaut
7920;Hainaut
7921;Hainaut
7922;Hainaut
7923;Hainaut
7924;Hainaut
7925;Hainaut
7926;Hainaut
7927;Hainaut
7928;Hainaut
7929;Hainaut
7930;Hainaut
7931;Hainaut
7932;Hainaut
7933;Hainaut
7934;Hainaut
7935;Hainaut
7936;Hainaut
7937;Hainaut
7938;Hainaut
7939;Hainaut
7940;Hainaut
7941;Hainaut
7942;Hainaut
7943;Hainaut
7944;Hainaut
7945;Hainaut
7946;Hainaut
7947;Hainaut
7948;Hainaut
7949;Hainaut
7950;Hainaut
7951;Hainaut
7952;Hainaut
7953;Hainaut
7954;Hainaut
7955;Hainaut
7956;Hainaut
7957;Hainaut
7958;Hainaut
7959;Hainaut
7960;Hainaut
7961;Hainaut
7962;Hainaut
7963;Hainaut
7964;Hainaut
7965;Hainaut
7966;Hainaut
7967;Hainaut
7968;Hainaut
7969;Hainaut
7970;Hainaut
7971;Hainaut
7972;Hainaut
7973;Hainaut
7974;Hainaut
7975;Hainaut
7976;Hainaut
7977;Hainaut
7978;Hainaut
7979;Hainaut
7980;Hainaut
7981;Hainaut
7982;Hainaut
7983;Hainaut
7984;Hainaut
7985;Hainaut
7986;Hainaut
7987;Hainaut
7988;Hainaut
7989;Hainaut
7990;Hainaut
7991;Hainaut
7992;Hainaut
7993;Hainaut
7994;Hainaut
7995;Hainaut
7996;Hainaut
7997;Hainaut
7998;Hainaut
7999;Hainaut
8000;Flandre occidentale
8001;Flandre occidentale
8002;Flandre occidentale
8003;Flandre occidentale
8004;Flandre occidentale
8005;Flandre occidentale
8006;Flandre occidentale
8007;Flandre occidentale
8008;Flandre occidentale
8009;Flandre occidentale
8010;Flandre occidentale
8011;Flandre occidentale
8012;Flandre occidentale
8013;Flandre occidentale
8014;Flandre occidentale
8015;Flandre occidentale
8016;Flandre occidentale
8017;Flandre occidentale
8018;Flandre occidentale
8019;Flandre occidentale
8020;Flandre occidentale
8021;Flandre occidentale
8022;Flandre occidentale
8023;Flandre occidentale
8024;Flandre occidentale
8025;Flandre occidentale
8026;Flandre occidentale
8027;Flandre occidentale
8028;Flandre occidentale
8029;Flandre occidentale
8030;Flandre occidentale
8031;Flandre occidentale
8032;Flandre occidentale
8033;Flandre occidentale
8034;Flandre occidentale
8035;Flandre occidentale
8036;Flandre occidentale
8037;Flandre occidentale
8038;Flandre occidentale
8039;Flandre occidentale
8040;Flandre occidentale
8041;Flandre occidentale
8042;Flandre occidentale
8043;Flandre occidentale
8044;Flandre occidentale
8045;Flandre occidentale
8046;Flandre occidentale
8047;Flandre occidentale
8048;Flandre occidentale
8049;Flandre occidentale
8050;Flandre occidentale
8051;Flandre occidentale
8052;Flandre occidentale
8053;Flandre occidentale
8054;Flandre occidentale
8055;Flandre occidentale
8056;Flandre occidentale
8057;Flandre occidentale
8058;Flandre occidentale
8059;Flandre occidentale
8060;Flandre occidentale
8061;Flandre occidentale
8062;Flandre occidentale
8063;Flandre occidentale
8064;Flandre occidentale
8065;Flandre occidentale
8066;Flandre occidentale
8067;Flandre occidentale
8068;Flandre occidentale
8069;Flandre occidentale
8070;Flandre occidentale
8071;Flandre occidentale
8072;Flandre occidentale
8073;Flandre occidentale
8074;Flandre occidentale
8075;Flandre occidentale
8076;Flandre occidentale
8077;Flandre occidentale
8078;Flandre occidentale
8079;Flandre occidentale
8080;Flandre occidentale
8081;Flandre occidentale
8082;Flandre occidentale
8083;Flandre occidentale
8084;Flandre occidentale
8085;Flandre occidentale
8086;Flandre occidentale
8087;Flandre occidentale
8088;Flandre occidentale
8089;Flandre occidentale
8090;Flandre occidentale
8091;Flandre occidentale
8092;Flandre occidentale
8093;Flandre occidentale
8094;Flandre occidentale
8095;Flandre occidentale
8096;Flandre occidentale
8097;Flandre occidentale
8098;Flandre occidentale
8099;Flandre occidentale
8100;Flandre occidentale
8101;Flandre occidentale
8102;Flandre occidentale
8103;Flandre occidentale
8104;Flandre occidentale
8105;Flandre occidentale
8106;Flandre occidentale
8107;Flandre occidentale
8108;Flandre occidentale
8109;Flandre occidentale
8110;Flandre occidentale
8111;Flandre occidentale
8112;Flandre occidentale
8113;Flandre occidentale
8114;Flandre occidentale
8115;Flandre occidentale
8116;Flandre occidentale
8117;Flandre occidentale
8118;Flandre occidentale
8119;Flandre occidentale
8120;Flandre occidentale
8121;Flandre occidentale
8122;Flandre occidentale
8123;Flandre occidentale
8124;Flandre occidentale
8125;Flandre occidentale
8126;Flandre occidentale
8127;Flandre occidentale
8128;Flandre occidentale
8129;Flandre occidentale
8130;Flandre occidentale
8131;Flandre occidentale
8132;Flandre occidentale
8133;Flandre occidentale
8134;Flandre occidentale
8135;Flandre occidentale
8136;Flandre occidentale
8137;Flandre occidentale
8138;Flandre occidentale
8139;Flandre occidentale
8140;Flandre occidentale
8141;Flandre occidentale
8142;Flandre occidentale
8143;Flandre occidentale
8144;Flandre occidentale
8145;Flandre occidentale
8146;Flandre occidentale
8147;Flandre occidentale
8148;Flandre occidentale
8149;Flandre occidentale
8150;Flandre occidentale
8151;Flandre occidentale
8152;Flandre occidentale
8153;Flandre occidentale
8154;Flandre occidentale
8155;Flandre occidentale
8156;Flandre occidentale
8157;Flandre occidentale
8158;Flandre occidentale
8159;Flandre occidentale
8160;Flandre occidentale
8161;Flandre occidentale
8162;Flandre occidentale
8163;Flandre occidentale
8164;Flandre occidentale
8165;Flandre occidentale
8166;Flandre occidentale
8167;Flandre occidentale
8168;Flandre occidentale
8169;Flandre occidentale
8170;Flandre occidentale
8171;Flandre occidentale
8172;Flandre occidentale
8173;Flandre occidentale
8174;Flandre occidentale
8175;Flandre occidentale
8176;Flandre occidentale
8177;Flandre occidentale
8178;Flandre occidentale
8179;Flandre occidentale
8180;Flandre occidentale
8181;Flandre occidentale
8182;Flandre occidentale
8183;Flandre occidentale
8184;Flandre occidentale
8185;Flandre occidentale
8186;Flandre occidentale
8187;Flandre occidentale
8188;Flandre occidentale
8189;Flandre occidentale
8190;Flandre occidentale
8191;Flandre occidentale
8192;Flandre occidentale
8193;Flandre occidentale
8194;Flandre occidentale
8195;Flandre occidentale
8196;Flandre occidentale
8197;Flandre occidentale
8198;Flandre occidentale
8199;Flandre occidentale
8200;Flandre occidentale
8201;Flandre occidentale
8202;Flandre occidentale
8203;Flandre occidentale
8204;Flandre occidentale
8205;Flandre occidentale
8206;Flandre occidentale
8207;Flandre occidentale
8208;Flandre occidentale
8209;Flandre occidentale
8210;Flandre occidentale
8211;Flandre occidentale
8212;Flandre occidentale
8213;Flandre occidentale
8214;Flandre occidentale
8215;Flandre occidentale
8216;Flandre occidentale
8217;Flandre occidentale
8218;Flandre occidentale
8219;Flandre occidentale
8220;Flandre occidentale
8221;Flandre occidentale
8222;Flandre occidentale
8223;Flandre occidentale
8224;Flandre occidentale
8225;Flandre occidentale
8226;Flandre occidentale
8227;Flandre occidentale
8228;Flandre occidentale
8229;Flandre occidentale
8230;Flandre occidentale
8231;Flandre occidentale
8232;Flandre occidentale
8233;Flandre occidentale
8234;Flandre occidentale
8235;Flandre occidentale
8236;Flandre occidentale
8237;Flandre occidentale
8238;Flandre occidentale
8239;Flandre occidentale
8240;Flandre occidentale
8241;Flandre occidentale
8242;Flandre occidentale
8243;Flandre occidentale
8244;Flandre occidentale
8245;Flandre occidentale
8246;Flandre occidentale
8247;Flandre occidentale
8248;Flandre occidentale
8249;Flandre occidentale
8250;Flandre occidentale
8251;Flandre occidentale
8252;Flandre occidentale
8253;Flandre occidentale
8254;Flandre occidentale
8255;Flandre occidentale
8256;Flandre occidentale
8257;Flandre occidentale
8258;Flandre occidentale
8259;Flandre occidentale
8260;Flandre occidentale
8261;Flandre occidentale
8262;Flandre occidentale
8263;Flandre occidentale
8264;Flandre occidentale
8265;Flandre occidentale
8266;Flandre occidentale
8267;Flandre occidentale
8268;Flandre occidentale
8269;Flandre occidentale
8270;Flandre occidentale
8271;Flandre occidentale
8272;Flandre occidentale
8273;Flandre occidentale
8274;Flandre occidentale
8275;Flandre occidentale
8276;Flandre occidentale
8277;Flandre occidentale
8278;Flandre occidentale
8279;Flandre occidentale
8280;Flandre occidentale
8281;Flandre occidentale
8282;Flandre occidentale
8283;Flandre occidentale
8284;Flandre occidentale
8285;Flandre occidentale
8286;Flandre occidentale
8287;Flandre occidentale
8288;Flandre occidentale
8289;Flandre occidentale
8290;Flandre occidentale
8291;Flandre occidentale
8292;Flandre occidentale
8293;Flandre occidentale
8294;Flandre occidentale
8295;Flandre occidentale
8296;Flandre occidentale
8297;Flandre occidentale
8298;Flandre occidentale
8299;Flandre occidentale
8300;Flandre occidentale
8301;Flandre occidentale
8302;Flandre occidentale
8303;Flandre occidentale
8304;Flandre occidentale
8305;Flandre occidentale
8306;Flandre occidentale
8307;Flandre occidentale
8308;Flandre occidentale
8309;Flandre occidentale
8310;Flandre occidentale
8311;Flandre occidentale
8312;Flandre occidentale
8313;Flandre occidentale
8314;Flandre occidentale
8315;Flandre occidentale
8316;Flandre occidentale
8317;Flandre occidentale
8318;Flandre occidentale
8319;Flandre occidentale
8320;Flandre occidentale
8321;Flandre occidentale
8322;Flandre occidentale
8323;Flandre occidentale
8324;Flandre occidentale
8325;Flandre occidentale
8326;Flandre occidentale
8327;Flandre occidentale
8328;Flandre occidentale
8329;Flandre occidentale
8330;Flandre occidentale
8331;Flandre occidentale
8332;Flandre occidentale
8333;Flandre occidentale
8334;Flandre occidentale
8335;Flandre occidentale
8336;Flandre occidentale
8337;Flandre occidentale
8338;Flandre occidentale
8339;Flandre occidentale
8340;Flandre occidentale
8341;Flandre occidentale
8342;Flandre occidentale
8343;Flandre occidentale
8344;Flandre occidentale
8345;Flandre occidentale
8346;Flandre occidentale
8347;Flandre occidentale
8348;Flandre occidentale
8349;Flandre occidentale
8350;Flandre occidentale
8351;Flandre occidentale
8352;Flandre occidentale
8353;Flandre occidentale
8354;Flandre occidentale
8355;Flandre occidentale
8356;Flandre occidentale
8357;Flandre occidentale
8358;Flandre occidentale
8359;Flandre occidentale
8360;Flandre occidentale
8361;Flandre occidentale
8362;Flandre occidentale
8363;Flandre occidentale
8364;Flandre occidentale
8365;Flandre occidentale
8366;Flandre occidentale
8367;Flandre occidentale
8368;Flandre occidentale
8369;Flandre occidentale
8370;Flandre occidentale
8371;Flandre occidentale
8372;Flandre occidentale
8373;Flandre occidentale
8374;Flandre occidentale
8375;Flandre occidentale
8376;Flandre occidentale
8377;Flandre occidentale
8378;Flandre occidentale
8379;Flandre occidentale
8380;Flandre occidentale
8381;Flandre occidentale
8382;Flandre occidentale
8383;Flandre occidentale
8384;Flandre occidentale
8385;Flandre occidentale
8386;Flandre occidentale
8387;Flandre occidentale
8388;Flandre occidentale
8389;Flandre occidentale
8390;Flandre occidentale
8391;Flandre occidentale
8392;Flandre occidentale
8393;Flandre occidentale
8394;Flandre occidentale
8395;Flandre occidentale
8396;Flandre occidentale
8397;Flandre occidentale
8398;Flandre occidentale
8399;Flandre occidentale
8400;Flandre occidentale
8401;Flandre occidentale
8402;Flandre occidentale
8403;Flandre occidentale
8404;Flandre occidentale
8405;Flandre occidentale
8406;Flandre occidentale
8407;Flandre occidentale
8408;Flandre occidentale
8409;Flandre occidentale
8410;Flandre occidentale
8411;Flandre occidentale
8412;Flandre occidentale
8413;Flandre occidentale
8414;Flandre occidentale
8415;Flandre occidentale
8416;Flandre occidentale
8417;Flandre occidentale
8418;Flandre occidentale
8419;Flandre occidentale
8420;Flandre occidentale
8421;Flandre occidentale
8422;Flandre occidentale
8423;Flandre occidentale
8424;Flandre occidentale
8425;Flandre occidentale
8426;Flandre occidentale
8427;Flandre occidentale
8428;Flandre occidentale
8429;Flandre occidentale
8430;Flandre occidentale
8431;Flandre occidentale
8432;Flandre occidentale
8433;Flandre occidentale
8434;Flandre occidentale
8435;Flandre occidentale
8436;Flandre occidentale
8437;Flandre occidentale
8438;Flandre occidentale
8439;Flandre occidentale
8440;Flandre occidentale
8441;Flandre occidentale
8442;Flandre occidentale
8443;Flandre occidentale
8444;Flandre occidentale
8445;Flandre occidentale
8446;Flandre occidentale
8447;Flandre occidentale
8448;Flandre occidentale
8449;Flandre occidentale
8450;Flandre occidentale
8451;Flandre occidentale
8452;Flandre occidentale
8453;Flandre occidentale
8454;Flandre occidentale
8455;Flandre occidentale
8456;Flandre occidentale
8457;Flandre occidentale
8458;Flandre occidentale
8459;Flandre occidentale
8460;Flandre occidentale
8461;Flandre occidentale
8462;Flandre occidentale
8463;Flandre occidentale
8464;Flandre occidentale
8465;Flandre occidentale
8466;Flandre occidentale
8467;Flandre occidentale
8468;Flandre occidentale
8469;Flandre occidentale
8470;Flandre occidentale
8471;Flandre occidentale
8472;Flandre occidentale
8473;Flandre occidentale
8474;Flandre occidentale
8475;Flandre occidentale
8476;Flandre occidentale
8477;Flandre occidentale
8478;Flandre occidentale
8479;Flandre occidentale
8480;Flandre occidentale
8481;Flandre occidentale
8482;Flandre occidentale
8483;Flandre occidentale
8484;Flandre occidentale
8485;Flandre occidentale
8486;Flandre occidentale
8487;Flandre occidentale
8488;Flandre occidentale
8489;Flandre occidentale
8490;Flandre occidentale
8491;Flandre occidentale
8492;Flandre occidentale
8493;Flandre occidentale
8494;Flandre occidentale
8495;Flandre occidentale
8496;Flandre occidentale
8497;Flandre occidentale
8498;Flandre occidentale
8499;Flandre occidentale
8500;Flandre occidentale
8501;Flandre occidentale
8502;Flandre occidentale
8503;Flandre occidentale
8504;Flandre occidentale
8505;Flandre occidentale
8506;Flandre occidentale
8507;Flandre occidentale
8508;Flandre occidentale
8509;Flandre occidentale
8510;Flandre occidentale
8511;Flandre occidentale
8512;Flandre occidentale
8513;Flandre occidentale
8514;Flandre occidentale
8515;Flandre occidentale
8516;Flandre occidentale
8517;Flandre occidentale
8518;Flandre occidentale
8519;Flandre occidentale
8520;Flandre occidentale
8521;Flandre occidentale
8522;Flandre occidentale
8523;Flandre occidentale
8524;Flandre occidentale
8525;Flandre occidentale
8526;Flandre occidentale
8527;Flandre occidentale
8528;Flandre occidentale
8529;Flandre occidentale
8530;Flandre occidentale
8531;Flandre occidentale
8532;Flandre occidentale
8533;Flandre occidentale
8534;Flandre occidentale
8535;Flandre occidentale
8536;Flandre occidentale
8537;Flandre occidentale
8538;Flandre occidentale
8539;Flandre occidentale
8540;Flandre occidentale
8541;Flandre occidentale
8542;Flandre occidentale
8543;Flandre occidentale
8544;Flandre occidentale
8545;Flandre occidentale
8546;Flandre occidentale
8547;Flandre occidentale
8548;Flandre occidentale
8549;Flandre occidentale
8550;Flandre occidentale
8551;Flandre occidentale
8552;Flandre occidentale
8553;Flandre occidentale
8554;Flandre occidentale
8555;Flandre occidentale
8556;Flandre occidentale
8557;Flandre occidentale
8558;Flandre occidentale
8559;Flandre occidentale
8560;Flandre occidentale
8561;Flandre occidentale
8562;Flandre occidentale
8563;Flandre occidentale
8564;Flandre occidentale
8565;Flandre occidentale
8566;Flandre occidentale
8567;Flandre occidentale
8568;Flandre occidentale
8569;Flandre occidentale
8570;Flandre occidentale
8571;Flandre occidentale
8572;Flandre occidentale
8573;Flandre occidentale
8574;Flandre occidentale
8575;Flandre occidentale
8576;Flandre occidentale
8577;Flandre occidentale
8578;Flandre occidentale
8579;Flandre occidentale
8580;Flandre occidentale
8581;Flandre occidentale
8582;Flandre occidentale
8583;Flandre occidentale
8584;Flandre occidentale
8585;Flandre occidentale
8586;Flandre occidentale
8587;Flandre occidentale
8588;Flandre occidentale
8589;Flandre occidentale
8590;Flandre occidentale
8591;Flandre occidentale
8592;Flandre occidentale
8593;Flandre occidentale
8594;Flandre occidentale
8595;Flandre occidentale
8596;Flandre occidentale
8597;Flandre occidentale
8598;Flandre occidentale
8599;Flandre occidentale
8600;Flandre occidentale
8601;Flandre occidentale
8602;Flandre occidentale
8603;Flandre occidentale
8604;Flandre occidentale
8605;Flandre occidentale
8606;Flandre occidentale
8607;Flandre occidentale
8608;Flandre occidentale
8609;Flandre occidentale
8610;Flandre occidentale
8611;Flandre occidentale
8612;Flandre occidentale
8613;Flandre occidentale
8614;Flandre occidentale
8615;Flandre occidentale
8616;Flandre occidentale
8617;Flandre occidentale
8618;Flandre occidentale
8619;Flandre occidentale
8620;Flandre occidentale
8621;Flandre occidentale
8622;Flandre occidentale
8623;Flandre occidentale
8624;Flandre occidentale
8625;Flandre occidentale
8626;Flandre occidentale
8627;Flandre occidentale
8628;Flandre occidentale
8629;Flandre occidentale
8630;Flandre occidentale
8631;Flandre occidentale
8632;Flandre occidentale
8633;Flandre occidentale
8634;Flandre occidentale
8635;Flandre occidentale
8636;Flandre occidentale
8637;Flandre occidentale
8638;Flandre occidentale
8639;Flandre occidentale
8640;Flandre occidentale
8641;Flandre occidentale
8642;Flandre occidentale
8643;Flandre occidentale
8644;Flandre occidentale
8645;Flandre occidentale
8646;Flandre occidentale
8647;Flandre occidentale
8648;Flandre occidentale
8649;Flandre occidentale
8650;Flandre occidentale
8651;Flandre occidentale
8652;Flandre occidentale
8653;Flandre occidentale
8654;Flandre occidentale
8655;Flandre occidentale
8656;Flandre occidentale
8657;Flandre occidentale
8658;Flandre occidentale
8659;Flandre occidentale
8660;Flandre occidentale
8661;Flandre occidentale
8662;Flandre occidentale
8663;Flandre occidentale
8664;Flandre occidentale
8665;Flandre occidentale
8666;Flandre occidentale
8667;Flandre occidentale
8668;Flandre occidentale
8669;Flandre occidentale
8670;Flandre occidentale
8671;Flandre occidentale
8672;Flandre occidentale
8673;Flandre occidentale
8674;Flandre occidentale
8675;Flandre occidentale
8676;Flandre occidentale
8677;Flandre occidentale
8678;Flandre occidentale
8679;Flandre occidentale
8680;Flandre occidentale
8681;Flandre occidentale
8682;Flandre occidentale
8683;Flandre occidentale
8684;Flandre occidentale
8685;Flandre occidentale
8686;Flandre occidentale
8687;Flandre occidentale
8688;Flandre occidentale
8689;Flandre occidentale
8690;Flandre occidentale
8691;Flandre occidentale
8692;Flandre occidentale
8693;Flandre occidentale
8694;Flandre occidentale
8695;Flandre occidentale
8696;Flandre occidentale
8697;Flandre occidentale
8698;Flandre occidentale
8699;Flandre occidentale
8700;Flandre occidentale
8701;Flandre occidentale
8702;Flandre occidentale
8703;Flandre occidentale
8704;Flandre occidentale
8705;Flandre occidentale
8706;Flandre occidentale
8707;Flandre occidentale
8708;Flandre occidentale
8709;Flandre occidentale
8710;Flandre occidentale
8711;Flandre occidentale
8712;Flandre occidentale
8713;Flandre occidentale
8714;Flandre occidentale
8715;Flandre occidentale
8716;Flandre occidentale
8717;Flandre occidentale
8718;Flandre occidentale
8719;Flandre occidentale
8720;Flandre occidentale
8721;Flandre occidentale
8722;Flandre occidentale
8723;Flandre occidentale
8724;Flandre occidentale
8725;Flandre occidentale
8726;Flandre occidentale
8727;Flandre occidentale
8728;Flandre occidentale
8729;Flandre occidentale
8730;Flandre occidentale
8731;Flandre occidentale
8732;Flandre occidentale
8733;Flandre occidentale
8734;Flandre occidentale
8735;Flandre occidentale
8736;Flandre occidentale
8737;Flandre occidentale
8738;Flandre occidentale
8739;Flandre occidentale
8740;Flandre occidentale
8741;Flandre occidentale
8742;Flandre occidentale
8743;Flandre occidentale
8744;Flandre occidentale
8745;Flandre occidentale
8746;Flandre occidentale
8747;Flandre occidentale
8748;Flandre occidentale
8749;Flandre occidentale
8750;Flandre occidentale
8751;Flandre occidentale
8752;Flandre occidentale
8753;Flandre occidentale
8754;Flandre occidentale
8755;Flandre occidentale
8756;Flandre occidentale
8757;Flandre occidentale
8758;Flandre occidentale
8759;Flandre occidentale
8760;Flandre occidentale
8761;Flandre occidentale
8762;Flandre occidentale
8763;Flandre occidentale
8764;Flandre occidentale
8765;Flandre occidentale
8766;Flandre occidentale
8767;Flandre occidentale
8768;Flandre occidentale
8769;Flandre occidentale
8770;Flandre occidentale
8771;Flandre occidentale
8772;Flandre occidentale
8773;Flandre occidentale
8774;Flandre occidentale
8775;Flandre occidentale
8776;Flandre occidentale
8777;Flandre occidentale
8778;Flandre occidentale
8779;Flandre occidentale
8780;Flandre occidentale
8781;Flandre occidentale
8782;Flandre occidentale
8783;Flandre occidentale
8784;Flandre occidentale
8785;Flandre occidentale
8786;Flandre occidentale
8787;Flandre occidentale
8788;Flandre occidentale
8789;Flandre occidentale
8790;Flandre occidentale
8791;Flandre occidentale
8792;Flandre occidentale
8793;Flandre occidentale
8794;Flandre occidentale
8795;Flandre occidentale
8796;Flandre occidentale
8797;Flandre occidentale
8798;Flandre occidentale
8799;Flandre occidentale
8800;Flandre occidentale
8801;Flandre occidentale
8802;Flandre occidentale
8803;Flandre occidentale
8804;Flandre occidentale
8805;Flandre occidentale
8806;Flandre occidentale
8807;Flandre occidentale
8808;Flandre occidentale
8809;Flandre occidentale
8810;Flandre occidentale
8811;Flandre occidentale
8812;Flandre occidentale
8813;Flandre occidentale
8814;Flandre occidentale
8815;Flandre occidentale
8816;Flandre occidentale
8817;Flandre occidentale
8818;Flandre occidentale
8819;Flandre occidentale
8820;Flandre occidentale
8821;Flandre occidentale
8822;Flandre occidentale
8823;Flandre occidentale
8824;Flandre occidentale
8825;Flandre occidentale
8826;Flandre occidentale
8827;Flandre occidentale
8828;Flandre occidentale
8829;Flandre occidentale
8830;Flandre occidentale
8831;Flandre occidentale
8832;Flandre occidentale
8833;Flandre occidentale
8834;Flandre occidentale
8835;Flandre occidentale
8836;Flandre occidentale
8837;Flandre occidentale
8838;Flandre occidentale
8839;Flandre occidentale
8840;Flandre occidentale
8841;Flandre occidentale
8842;Flandre occidentale
8843;Flandre occidentale
8844;Flandre occidentale
8845;Flandre occidentale
8846;Flandre occidentale
8847;Flandre occidentale
8848;Flandre occidentale
8849;Flandre occidentale
8850;Flandre occidentale
8851;Flandre occidentale
8852;Flandre occidentale
8853;Flandre occidentale
8854;Flandre occidentale
8855;Flandre occidentale
8856;Flandre occidentale
8857;Flandre occidentale
8858;Flandre occidentale
8859;Flandre occidentale
8860;Flandre occidentale
8861;Flandre occidentale
8862;Flandre occidentale
8863;Flandre occidentale
8864;Flandre occidentale
8865;Flandre occidentale
8866;Flandre occidentale
8867;Flandre occidentale
8868;Flandre occidentale
8869;Flandre occidentale
8870;Flandre occidentale
8871;Flandre occidentale
8872;Flandre occidentale
8873;Flandre occidentale
8874;Flandre occidentale
8875;Flandre occidentale
8876;Flandre occidentale
8877;Flandre occidentale
8878;Flandre occidentale
8879;Flandre occidentale
8880;Flandre occidentale
8881;Flandre occidentale
8882;Flandre occidentale
8883;Flandre occidentale
8884;Flandre occidentale
8885;Flandre occidentale
8886;Flandre occidentale
8887;Flandre occidentale
8888;Flandre occidentale
8889;Flandre occidentale
8890;Flandre occidentale
8891;Flandre occidentale
8892;Flandre occidentale
8893;Flandre occidentale
8894;Flandre occidentale
8895;Flandre occidentale
8896;Flandre occidentale
8897;Flandre occidentale
8898;Flandre occidentale
8899;Flandre occidentale
8900;Flandre occidentale
8901;Flandre occidentale
8902;Flandre occidentale
8903;Flandre occidentale
8904;Flandre occidentale
8905;Flandre occidentale
8906;Flandre occidentale
8907;Flandre occidentale
8908;Flandre occidentale
8909;Flandre occidentale
8910;Flandre occidentale
8911;Flandre occidentale
8912;Flandre occidentale
8913;Flandre occidentale
8914;Flandre occidentale
8915;Flandre occidentale
8916;Flandre occidentale
8917;Flandre occidentale
8918;Flandre occidentale
8919;Flandre occidentale
8920;Flandre occidentale
8921;Flandre occidentale
8922;Flandre occidentale
8923;Flandre occidentale
8924;Flandre occidentale
8925;Flandre occidentale
8926;Flandre occidentale
8927;Flandre occidentale
8928;Flandre occidentale
8929;Flandre occidentale
8930;Flandre occidentale
8931;Flandre occidentale
8932;Flandre occidentale
8933;Flandre occidentale
8934;Flandre occidentale
8935;Flandre occidentale
8936;Flandre occidentale
8937;Flandre occidentale
8938;Flandre occidentale
8939;Flandre occidentale
8940;Flandre occidentale
8941;Flandre occidentale
8942;Flandre occidentale
8943;Flandre occidentale
8944;Flandre occidentale
8945;Flandre occidentale
8946;Flandre occidentale
8947;Flandre occidentale
8948;Flandre occidentale
8949;Flandre occidentale
8950;Flandre occidentale
8951;Flandre occidentale
8952;Flandre occidentale
8953;Flandre occidentale
8954;Flandre occidentale
8955;Flandre occidentale
8956;Flandre occidentale
8957;Flandre occidentale
8958;Flandre occidentale
8959;Flandre occidentale
8960;Flandre occidentale
8961;Flandre occidentale
8962;Flandre occidentale
8963;Flandre occidentale
8964;Flandre occidentale
8965;Flandre occidentale
8966;Flandre occidentale
8967;Flandre occidentale
8968;Flandre occidentale
8969;Flandre occidentale
8970;Flandre occidentale
8971;Flandre occidentale
8972;Flandre occidentale
8973;Flandre occidentale
8974;Flandre occidentale
8975;Flandre occidentale
8976;Flandre occidentale
8977;Flandre occidentale
8978;Flandre occidentale
8979;Flandre occidentale
8980;Flandre occidentale
8981;Flandre occidentale
8982;Flandre occidentale
8983;Flandre occidentale
8984;Flandre occidentale
8985;Flandre occidentale
8986;Flandre occidentale
8987;Flandre occidentale
8988;Flandre occidentale
8989;Flandre occidentale
8990;Flandre occidentale
8991;Flandre occidentale
8992;Flandre occidentale
8993;Flandre occidentale
8994;Flandre occidentale
8995;Flandre occidentale
8996;Flandre occidentale
8997;Flandre occidentale
8998;Flandre occidentale
8999;Flandre occidentale
9000;Flandre orientale
9001;Flandre orientale
9002;Flandre orientale
9003;Flandre orientale
9004;Flandre orientale
9005;Flandre orientale
9006;Flandre orientale
9007;Flandre orientale
9008;Flandre orientale
9009;Flandre orientale
9010;Flandre orientale
9011;Flandre orientale
9012;Flandre orientale
9013;Flandre orientale
9014;Flandre orientale
9015;Flandre orientale
9016;Flandre orientale
9017;Flandre orientale
9018;Flandre orientale
9019;Flandre orientale
9020;Flandre orientale
9021;Flandre orientale
9022;Flandre orientale
9023;Flandre orientale
9024;Flandre orientale
9025;Flandre orientale
9026;Flandre orientale
9027;Flandre orientale
9028;Flandre orientale
9029;Flandre orientale
9030;Flandre orientale
9031;Flandre orientale
9032;Flandre orientale
9033;Flandre orientale
9034;Flandre orientale
9035;Flandre orientale
9036;Flandre orientale
9037;Flandre orientale
9038;Flandre orientale
9039;Flandre orientale
9040;Flandre orientale
9041;Flandre orientale
9042;Flandre orientale
9043;Flandre orientale
9044;Flandre orientale
9045;Flandre orientale
9046;Flandre orientale
9047;Flandre orientale
9048;Flandre orientale
9049;Flandre orientale
9050;Flandre orientale
9051;Flandre orientale
9052;Flandre orientale
9053;Flandre orientale
9054;Flandre orientale
9055;Flandre orientale
9056;Flandre orientale
9057;Flandre orientale
9058;Flandre orientale
9059;Flandre orientale
9060;Flandre orientale
9061;Flandre orientale
9062;Flandre orientale
9063;Flandre orientale
9064;Flandre orientale
9065;Flandre orientale
9066;Flandre orientale
9067;Flandre orientale
9068;Flandre orientale
9069;Flandre orientale
9070;Flandre orientale
9071;Flandre orientale
9072;Flandre orientale
9073;Flandre orientale
9074;Flandre orientale
9075;Flandre orientale
9076;Flandre orientale
9077;Flandre orientale
9078;Flandre orientale
9079;Flandre orientale
9080;Flandre orientale
9081;Flandre orientale
9082;Flandre orientale
9083;Flandre orientale
9084;Flandre orientale
9085;Flandre orientale
9086;Flandre orientale
9087;Flandre orientale
9088;Flandre orientale
9089;Flandre orientale
9090;Flandre orientale
9091;Flandre orientale
9092;Flandre orientale
9093;Flandre orientale
9094;Flandre orientale
9095;Flandre orientale
9096;Flandre orientale
9097;Flandre orientale
9098;Flandre orientale
9099;Flandre orientale
9100;Flandre orientale
9101;Flandre orientale
9102;Flandre orientale
9103;Flandre orientale
9104;Flandre orientale
9105;Flandre orientale
9106;Flandre orientale
9107;Flandre orientale
9108;Flandre orientale
9109;Flandre orientale
9110;Flandre orientale
9111;Flandre orientale
9112;Flandre orientale
9113;Flandre orientale
9114;Flandre orientale
9115;Flandre orientale
9116;Flandre orientale
9117;Flandre orientale
9118;Flandre orientale
9119;Flandre orientale
9120;Flandre orientale
9121;Flandre orientale
9122;Flandre orientale
9123;Flandre orientale
9124;Flandre orientale
9125;Flandre orientale
9126;Flandre orientale
9127;Flandre orientale
9128;Flandre orientale
9129;Flandre orientale
9130;Flandre orientale
9131;Flandre orientale
9132;Flandre orientale
9133;Flandre orientale
9134;Flandre orientale
9135;Flandre orientale
9136;Flandre orientale
9137;Flandre orientale
9138;Flandre orientale
9139;Flandre orientale
9140;Flandre orientale
9141;Flandre orientale
9142;Flandre orientale
9143;Flandre orientale
9144;Flandre orientale
9145;Flandre orientale
9146;Flandre orientale
9147;Flandre orientale
9148;Flandre orientale
9149;Flandre orientale
9150;Flandre orientale
9151;Flandre orientale
9152;Flandre orientale
9153;Flandre orientale
9154;Flandre orientale
9155;Flandre orientale
9156;Flandre orientale
9157;Flandre orientale
9158;Flandre orientale
9159;Flandre orientale
9160;Flandre orientale
9161;Flandre orientale
9162;Flandre orientale
9163;Flandre orientale
9164;Flandre orientale
9165;Flandre orientale
9166;Flandre orientale
9167;Flandre orientale
9168;Flandre orientale
9169;Flandre orientale
9170;Flandre orientale
9171;Flandre orientale
9172;Flandre orientale
9173;Flandre orientale
9174;Flandre orientale
9175;Flandre orientale
9176;Flandre orientale
9177;Flandre orientale
9178;Flandre orientale
9179;Flandre orientale
9180;Flandre orientale
9181;Flandre orientale
9182;Flandre orientale
9183;Flandre orientale
9184;Flandre orientale
9185;Flandre orientale
9186;Flandre orientale
9187;Flandre orientale
9188;Flandre orientale
9189;Flandre orientale
9190;Flandre orientale
9191;Flandre orientale
9192;Flandre orientale
9193;Flandre orientale
9194;Flandre orientale
9195;Flandre orientale
9196;Flandre orientale
9197;Flandre orientale
9198;Flandre orientale
9199;Flandre orientale
9200;Flandre orientale
9201;Flandre orientale
9202;Flandre orientale
9203;Flandre orientale
9204;Flandre orientale
9205;Flandre orientale
9206;Flandre orientale
9207;Flandre orientale
9208;Flandre orientale
9209;Flandre orientale
9210;Flandre orientale
9211;Flandre orientale
9212;Flandre orientale
9213;Flandre orientale
9214;Flandre orientale
9215;Flandre orientale
9216;Flandre orientale
9217;Flandre orientale
9218;Flandre orientale
9219;Flandre orientale
9220;Flandre orientale
9221;Flandre orientale
9222;Flandre orientale
9223;Flandre orientale
9224;Flandre orientale
9225;Flandre orientale
9226;Flandre orientale
9227;Flandre orientale
9228;Flandre orientale
9229;Flandre orientale
9230;Flandre orientale
9231;Flandre orientale
9232;Flandre orientale
9233;Flandre orientale
9234;Flandre orientale
9235;Flandre orientale
9236;Flandre orientale
9237;Flandre orientale
9238;Flandre orientale
9239;Flandre orientale
9240;Flandre orientale
9241;Flandre orientale
9242;Flandre orientale
9243;Flandre orientale
9244;Flandre orientale
9245;Flandre orientale
9246;Flandre orientale
9247;Flandre orientale
9248;Flandre orientale
9249;Flandre orientale
9250;Flandre orientale
9251;Flandre orientale
9252;Flandre orientale
9253;Flandre orientale
9254;Flandre orientale
9255;Flandre orientale
9256;Flandre orientale
9257;Flandre orientale
9258;Flandre orientale
9259;Flandre orientale
9260;Flandre orientale
9261;Flandre orientale
9262;Flandre orientale
9263;Flandre orientale
9264;Flandre orientale
9265;Flandre orientale
9266;Flandre orientale
9267;Flandre orientale
9268;Flandre orientale
9269;Flandre orientale
9270;Flandre orientale
9271;Flandre orientale
9272;Flandre orientale
9273;Flandre orientale
9274;Flandre orientale
9275;Flandre orientale
9276;Flandre orientale
9277;Flandre orientale
9278;Flandre orientale
9279;Flandre orientale
9280;Flandre orientale
9281;Flandre orientale
9282;Flandre orientale
9283;Flandre orientale
9284;Flandre orientale
9285;Flandre orientale
9286;Flandre orientale
9287;Flandre orientale
9288;Flandre orientale
9289;Flandre orientale
9290;Flandre orientale
9291;Flandre orientale
9292;Flandre orientale
9293;Flandre orientale
9294;Flandre orientale
9295;Flandre orientale
9296;Flandre orientale
9297;Flandre orientale
9298;Flandre orientale
9299;Flandre orientale
9300;Flandre orientale
9301;Flandre orientale
9302;Flandre orientale
9303;Flandre orientale
9304;Flandre orientale
9305;Flandre orientale
9306;Flandre orientale
9307;Flandre orientale
9308;Flandre orientale
9309;Flandre orientale
9310;Flandre orientale
9311;Flandre orientale
9312;Flandre orientale
9313;Flandre orientale
9314;Flandre orientale
9315;Flandre orientale
9316;Flandre orientale
9317;Flandre orientale
9318;Flandre orientale
9319;Flandre orientale
9320;Flandre orientale
9321;Flandre orientale
9322;Flandre orientale
9323;Flandre orientale
9324;Flandre orientale
9325;Flandre orientale
9326;Flandre orientale
9327;Flandre orientale
9328;Flandre orientale
9329;Flandre orientale
9330;Flandre orientale
9331;Flandre orientale
9332;Flandre orientale
9333;Flandre orientale
9334;Flandre orientale
9335;Flandre orientale
9336;Flandre orientale
9337;Flandre orientale
9338;Flandre orientale
9339;Flandre orientale
9340;Flandre orientale
9341;Flandre orientale
9342;Flandre orientale
9343;Flandre orientale
9344;Flandre orientale
9345;Flandre orientale
9346;Flandre orientale
9347;Flandre orientale
9348;Flandre orientale
9349;Flandre orientale
9350;Flandre orientale
9351;Flandre orientale
9352;Flandre orientale
9353;Flandre orientale
9354;Flandre orientale
9355;Flandre orientale
9356;Flandre orientale
9357;Flandre orientale
9358;Flandre orientale
9359;Flandre orientale
9360;Flandre orientale
9361;Flandre orientale
9362;Flandre orientale
9363;Flandre orientale
9364;Flandre orientale
9365;Flandre orientale
9366;Flandre orientale
9367;Flandre orientale
9368;Flandre orientale
9369;Flandre orientale
9370;Flandre orientale
9371;Flandre orientale
9372;Flandre orientale
9373;Flandre orientale
9374;Flandre orientale
9375;Flandre orientale
9376;Flandre orientale
9377;Flandre orientale
9378;Flandre orientale
9379;Flandre orientale
9380;Flandre orientale
9381;Flandre orientale
9382;Flandre orientale
9383;Flandre orientale
9384;Flandre orientale
9385;Flandre orientale
9386;Flandre orientale
9387;Flandre orientale
9388;Flandre orientale
9389;Flandre orientale
9390;Flandre orientale
9391;Flandre orientale
9392;Flandre orientale
9393;Flandre orientale
9394;Flandre orientale
9395;Flandre orientale
9396;Flandre orientale
9397;Flandre orientale
9398;Flandre orientale
9399;Flandre orientale
9400;Flandre orientale
9401;Flandre orientale
9402;Flandre orientale
9403;Flandre orientale
9404;Flandre orientale
9405;Flandre orientale
9406;Flandre orientale
9407;Flandre orientale
9408;Flandre orientale
9409;Flandre orientale
9410;Flandre orientale
9411;Flandre orientale
9412;Flandre orientale
9413;Flandre orientale
9414;Flandre orientale
9415;Flandre orientale
9416;Flandre orientale
9417;Flandre orientale
9418;Flandre orientale
9419;Flandre orientale
9420;Flandre orientale
9421;Flandre orientale
9422;Flandre orientale
9423;Flandre orientale
9424;Flandre orientale
9425;Flandre orientale
9426;Flandre orientale
9427;Flandre orientale
9428;Flandre orientale
9429;Flandre orientale
9430;Flandre orientale
9431;Flandre orientale
9432;Flandre orientale
9433;Flandre orientale
9434;Flandre orientale
9435;Flandre orientale
9436;Flandre orientale
9437;Flandre orientale
9438;Flandre orientale
9439;Flandre orientale
9440;Flandre orientale
9441;Flandre orientale
9442;Flandre orientale
9443;Flandre orientale
9444;Flandre orientale
9445;Flandre orientale
9446;Flandre orientale
9447;Flandre orientale
9448;Flandre orientale
9449;Flandre orientale
9450;Flandre orientale
9451;Flandre orientale
9452;Flandre orientale
9453;Flandre orientale
9454;Flandre orientale
9455;Flandre orientale
9456;Flandre orientale
9457;Flandre orientale
9458;Flandre orientale
9459;Flandre orientale
9460;Flandre orientale
9461;Flandre orientale
9462;Flandre orientale
9463;Flandre orientale
9464;Flandre orientale
9465;Flandre orientale
9466;Flandre orientale
9467;Flandre orientale
9468;Flandre orientale
9469;Flandre orientale
9470;Flandre orientale
9471;Flandre orientale
9472;Flandre orientale
9473;Flandre orientale
9474;Flandre orientale
9475;Flandre orientale
9476;Flandre orientale
9477;Flandre orientale
9478;Flandre orientale
9479;Flandre orientale
9480;Flandre orientale
9481;Flandre orientale
9482;Flandre orientale
9483;Flandre orientale
9484;Flandre orientale
9485;Flandre orientale
9486;Flandre orientale
9487;Flandre orientale
9488;Flandre orientale
9489;Flandre orientale
9490;Flandre orientale
9491;Flandre orientale
9492;Flandre orientale
9493;Flandre orientale
9494;Flandre orientale
9495;Flandre orientale
9496;Flandre orientale
9497;Flandre orientale
9498;Flandre orientale
9499;Flandre orientale
9500;Flandre orientale
9501;Flandre orientale
9502;Flandre orientale
9503;Flandre orientale
9504;Flandre orientale
9505;Flandre orientale
9506;Flandre orientale
9507;Flandre orientale
9508;Flandre orientale
9509;Flandre orientale
9510;Flandre orientale
9511;Flandre orientale
9512;Flandre orientale
9513;Flandre orientale
9514;Flandre orientale
9515;Flandre orientale
9516;Flandre orientale
9517;Flandre orientale
9518;Flandre orientale
9519;Flandre orientale
9520;Flandre orientale
9521;Flandre orientale
9522;Flandre orientale
9523;Flandre orientale
9524;Flandre orientale
9525;Flandre orientale
9526;Flandre orientale
9527;Flandre orientale
9528;Flandre orientale
9529;Flandre orientale
9530;Flandre orientale
9531;Flandre orientale
9532;Flandre orientale
9533;Flandre orientale
9534;Flandre orientale
9535;Flandre orientale
9536;Flandre orientale
9537;Flandre orientale
9538;Flandre orientale
9539;Flandre orientale
9540;Flandre orientale
9541;Flandre orientale
9542;Flandre orientale
9543;Flandre orientale
9544;Flandre orientale
9545;Flandre orientale
9546;Flandre orientale
9547;Flandre orientale
9548;Flandre orientale
9549;Flandre orientale
9550;Flandre orientale
9551;Flandre orientale
9552;Flandre orientale
9553;Flandre orientale
9554;Flandre orientale
9555;Flandre orientale
9556;Flandre orientale
9557;Flandre orientale
9558;Flandre orientale
9559;Flandre orientale
9560;Flandre orientale
9561;Flandre orientale
9562;Flandre orientale
9563;Flandre orientale
9564;Flandre orientale
9565;Flandre orientale
9566;Flandre orientale
9567;Flandre orientale
9568;Flandre orientale
9569;Flandre orientale
9570;Flandre orientale
9571;Flandre orientale
9572;Flandre orientale
9573;Flandre orientale
9574;Flandre orientale
9575;Flandre orientale
9576;Flandre orientale
9577;Flandre orientale
9578;Flandre orientale
9579;Flandre orientale
9580;Flandre orientale
9581;Flandre orientale
9582;Flandre orientale
9583;Flandre orientale
9584;Flandre orientale
9585;Flandre orientale
9586;Flandre orientale
9587;Flandre orientale
9588;Flandre orientale
9589;Flandre orientale
9590;Flandre orientale
9591;Flandre orientale
9592;Flandre orientale
9593;Flandre orientale
9594;Flandre orientale
9595;Flandre orientale
9596;Flandre orientale
9597;Flandre orientale
9598;Flandre orientale
9599;Flandre orientale
9600;Flandre orientale
9601;Flandre orientale
9602;Flandre orientale
9603;Flandre orientale
9604;Flandre orientale
9605;Flandre orientale
9606;Flandre orientale
9607;Flandre orientale
9608;Flandre orientale
9609;Flandre orientale
9610;Flandre orientale
9611;Flandre orientale
9612;Flandre orientale
9613;Flandre orientale
9614;Flandre orientale
9615;Flandre orientale
9616;Flandre orientale
9617;Flandre orientale
9618;Flandre orientale
9619;Flandre orientale
9620;Flandre orientale
9621;Flandre orientale
9622;Flandre orientale
9623;Flandre orientale
9624;Flandre orientale
9625;Flandre orientale
9626;Flandre orientale
9627;Flandre orientale
9628;Flandre orientale
9629;Flandre orientale
9630;Flandre orientale
9631;Flandre orientale
9632;Flandre orientale
9633;Flandre orientale
9634;Flandre orientale
9635;Flandre orientale
9636;Flandre orientale
9637;Flandre orientale
9638;Flandre orientale
9639;Flandre orientale
9640;Flandre orientale
9641;Flandre orientale
9642;Flandre orientale
9643;Flandre orientale
9644;Flandre orientale
9645;Flandre orientale
9646;Flandre orientale
9647;Flandre orientale
9648;Flandre orientale
9649;Flandre orientale
9650;Flandre orientale
9651;Flandre orientale
9652;Flandre orientale
9653;Flandre orientale
9654;Flandre orientale
9655;Flandre orientale
9656;Flandre orientale
9657;Flandre orientale
9658;Flandre orientale
9659;Flandre orientale
9660;Flandre orientale
9661;Flandre orientale
9662;Flandre orientale
9663;Flandre orientale
9664;Flandre orientale
9665;Flandre orientale
9666;Flandre orientale
9667;Flandre orientale
9668;Flandre orientale
9669;Flandre orientale
9670;Flandre orientale
9671;Flandre orientale
9672;Flandre orientale
9673;Flandre orientale
9674;Flandre orientale
9675;Flandre orientale
9676;Flandre orientale
9677;Flandre orientale
9678;Flandre orientale
9679;Flandre orientale
9680;Flandre orientale
9681;Flandre orientale
9682;Flandre orientale
9683;Flandre orientale
9684;Flandre orientale
9685;Flandre orientale
9686;Flandre orientale
9687;Flandre orientale
9688;Flandre orientale
9689;Flandre orientale
9690;Flandre orientale
9691;Flandre orientale
9692;Flandre orientale
9693;Flandre orientale
9694;Flandre orientale
9695;Flandre orientale
9696;Flandre orientale
9697;Flandre orientale
9698;Flandre orientale
9699;Flandre orientale
9700;Flandre orientale
9701;Flandre orientale
9702;Flandre orientale
9703;Flandre orientale
9704;Flandre orientale
9705;Flandre orientale
9706;Flandre orientale
9707;Flandre orientale
9708;Flandre orientale
9709;Flandre orientale
9710;Flandre orientale
9711;Flandre orientale
9712;Flandre orientale
9713;Flandre orientale
9714;Flandre orientale
9715;Flandre orientale
9716;Flandre orientale
9717;Flandre orientale
9718;Flandre orientale
9719;Flandre orientale
9720;Flandre orientale
9721;Flandre orientale
9722;Flandre orientale
9723;Flandre orientale
9724;Flandre orientale
9725;Flandre orientale
9726;Flandre orientale
9727;Flandre orientale
9728;Flandre orientale
9729;Flandre orientale
9730;Flandre orientale
9731;Flandre orientale
9732;Flandre orientale
9733;Flandre orientale
9734;Flandre orientale
9735;Flandre orientale
9736;Flandre orientale
9737;Flandre orientale
9738;Flandre orientale
9739;Flandre orientale
9740;Flandre orientale
9741;Flandre orientale
9742;Flandre orientale
9743;Flandre orientale
9744;Flandre orientale
9745;Flandre orientale
9746;Flandre orientale
9747;Flandre orientale
9748;Flandre orientale
9749;Flandre orientale
9750;Flandre orientale
9751;Flandre orientale
9752;Flandre orientale
9753;Flandre orientale
9754;Flandre orientale
9755;Flandre orientale
9756;Flandre orientale
9757;Flandre orientale
9758;Flandre orientale
9759;Flandre orientale
9760;Flandre orientale
9761;Flandre orientale
9762;Flandre orientale
9763;Flandre orientale
9764;Flandre orientale
9765;Flandre orientale
9766;Flandre orientale
9767;Flandre orientale
9768;Flandre orientale
9769;Flandre orientale
9770;Flandre orientale
9771;Flandre orientale
9772;Flandre orientale
9773;Flandre orientale
9774;Flandre orientale
9775;Flandre orientale
9776;Flandre orientale
9777;Flandre orientale
9778;Flandre orientale
9779;Flandre orientale
9780;Flandre orientale
9781;Flandre orientale
9782;Flandre orientale
9783;Flandre orientale
9784;Flandre orientale
9785;Flandre orientale
9786;Flandre orientale
9787;Flandre orientale
9788;Flandre orientale
9789;Flandre orientale
9790;Flandre orientale
9791;Flandre orientale
9792;Flandre orientale
9793;Flandre orientale
9794;Flandre orientale
9795;Flandre orientale
9796;Flandre orientale
9797;Flandre orientale
9798;Flandre orientale
9799;Flandre orientale
9800;Flandre orientale
9801;Flandre orientale
9802;Flandre orientale
9803;Flandre orientale
9804;Flandre orientale
9805;Flandre orientale
9806;Flandre orientale
9807;Flandre orientale
9808;Flandre orientale
9809;Flandre orientale
9810;Flandre orientale
9811;Flandre orientale
9812;Flandre orientale
9813;Flandre orientale
9814;Flandre orientale
9815;Flandre orientale
9816;Flandre orientale
9817;Flandre orientale
9818;Flandre orientale
9819;Flandre orientale
9820;Flandre orientale
9821;Flandre orientale
9822;Flandre orientale
9823;Flandre orientale
9824;Flandre orientale
9825;Flandre orientale
9826;Flandre orientale
9827;Flandre orientale
9828;Flandre orientale
9829;Flandre orientale
9830;Flandre orientale
9831;Flandre orientale
9832;Flandre orientale
9833;Flandre orientale
9834;Flandre orientale
9835;Flandre orientale
9836;Flandre orientale
9837;Flandre orientale
9838;Flandre orientale
9839;Flandre orientale
9840;Flandre orientale
9841;Flandre orientale
9842;Flandre orientale
9843;Flandre orientale
9844;Flandre orientale
9845;Flandre orientale
9846;Flandre orientale
9847;Flandre orientale
9848;Flandre orientale
9849;Flandre orientale
9850;Flandre orientale
9851;Flandre orientale
9852;Flandre orientale
9853;Flandre orientale
9854;Flandre orientale
9855;Flandre orientale
9856;Flandre orientale
9857;Flandre orientale
9858;Flandre orientale
9859;Flandre orientale
9860;Flandre orientale
9861;Flandre orientale
9862;Flandre orientale
9863;Flandre orientale
9864;Flandre orientale
9865;Flandre orientale
9866;Flandre orientale
9867;Flandre orientale
9868;Flandre orientale
9869;Flandre orientale
9870;Flandre orientale
9871;Flandre orientale
9872;Flandre orientale
9873;Flandre orientale
9874;Flandre orientale
9875;Flandre orientale
9876;Flandre orientale
9877;Flandre orientale
9878;Flandre orientale
9879;Flandre orientale
9880;Flandre orientale
9881;Flandre orientale
9882;Flandre orientale
9883;Flandre orientale
9884;Flandre orientale
9885;Flandre orientale
9886;Flandre orientale
9887;Flandre orientale
9888;Flandre orientale
9889;Flandre orientale
9890;Flandre orientale
9891;Flandre orientale
9892;Flandre orientale
9893;Flandre orientale
9894;Flandre orientale
9895;Flandre orientale
9896;Flandre orientale
9897;Flandre orientale
9898;Flandre orientale
9899;Flandre orientale
9900;Flandre orientale
9901;Flandre orientale
9902;Flandre orientale
9903;Flandre orientale
9904;Flandre orientale
9905;Flandre orientale
9906;Flandre orientale
9907;Flandre orientale
9908;Flandre orientale
9909;Flandre orientale
9910;Flandre orientale
9911;Flandre orientale
9912;Flandre orientale
9913;Flandre orientale
9914;Flandre orientale
9915;Flandre orientale
9916;Flandre orientale
9917;Flandre orientale
9918;Flandre orientale
9919;Flandre orientale
9920;Flandre orientale
9921;Flandre orientale
9922;Flandre orientale
9923;Flandre orientale
9924;Flandre orientale
9925;Flandre orientale
9926;Flandre orientale
9927;Flandre orientale
9928;Flandre orientale
9929;Flandre orientale
9930;Flandre orientale
9931;Flandre orientale
9932;Flandre orientale
9933;Flandre orientale
9934;Flandre orientale
9935;Flandre orientale
9936;Flandre orientale
9937;Flandre orientale
9938;Flandre orientale
9939;Flandre orientale
9940;Flandre orientale
9941;Flandre orientale
9942;Flandre orientale
9943;Flandre orientale
9944;Flandre orientale
9945;Flandre orientale
9946;Flandre orientale
9947;Flandre orientale
9948;Flandre orientale
9949;Flandre orientale
9950;Flandre orientale
9951;Flandre orientale
9952;Flandre orientale
9953;Flandre orientale
9954;Flandre orientale
9955;Flandre orientale
9956;Flandre orientale
9957;Flandre orientale
9958;Flandre orientale
9959;Flandre orientale
9960;Flandre orientale
9961;Flandre orientale
9962;Flandre orientale
9963;Flandre orientale
9964;Flandre orientale
9965;Flandre orientale
9966;Flandre orientale
9967;Flandre orientale
9968;Flandre orientale
9969;Flandre orientale
9970;Flandre orientale
9971;Flandre orientale
9972;Flandre orientale
9973;Flandre orientale
9974;Flandre orientale
9975;Flandre orientale
9976;Flandre orientale
9977;Flandre orientale
9978;Flandre orientale
9979;Flandre orientale
9980;Flandre orientale
9981;Flandre orientale
9982;Flandre orientale
9983;Flandre orientale
9984;Flandre orientale
9985;Flandre orientale
9986;Flandre orientale
9987;Flandre orientale
9988;Flandre orientale
9989;Flandre orientale
9990;Flandre orientale
9991;Flandre orientale
9992;Flandre orientale
9993;Flandre orientale
9994;Flandre orientale
9995;Flandre orientale
9996;Flandre orientale
9997;Flandre orientale
9998;Flandre orientale
9999;Flandre orientale
